!A	CGRGFSRQSVLLTHQRRHTGEKPYVCRE
!B	CGRGFSRQSVLLTHQRRHTGEKPFVCRE
!C	CGRGFSWQSVLLSHQRTHTGEKPYVCRE
!D	CGRGFRDKSNVLSHQRTHTGEKPYVCRE
!E	CGRGFRNKSHLLRHQSTHTGEKPYVCRE
!F	CGRGFSWQSVLLRHQRTHTG*KPYVCRE
!G	CGRGFSWQSVLLTHQRTHTGEKPYVCRE
!H	CGRGFSNKSHLLRHQRTHTGKKPYVCRE
!I	CGRGFSRQSVLHTHQRRHTGEKPYVCRE
!J	CGRGFSWQSVLLSHQRTHTAEKPYVCRE
!K	CGRGFSDRSSLCYHLRTHTGEKPYVCRE
!L	CGRGFSWKSHLLIHQRRHTGEKPYVCRE
!M	CGRGFSWQSVLLTHQRTHTGEKPYVCRE
!N	CGRGFSWKSHLLIHQRIHIGEKPYVCRE
:A	CGQGFSVKSDVITHQRTHTGEKLYVCRE
:B	CGRGFSWKSHLLIHQRIHTGEKPYVCRE
:C	CGRGFSWQSVLLTHQRTHTGEKPYVCRE
:D	CGRGFSRQSVLLTHQRRHTGEKPYVCRE
:E	CGRGFSWQSVLLSHQRTHTGEKPYVCRE
:F	CGRGFSNKSHLLRHQRTHTGEKPYVCRE
:G	CGRGFRDKSHLLRHQRTHTGEKPYVCRE
:H	CGRGFRDKSNLLSHQRTHTGEKPYVCRE
:I	CGRGFRNKSHLLRHQRTHTGEKPYVCRE
:J	CGRGFSDRSSLCYHQRTHTGEKPYVCRE
:K	CGRGFRDKSHLLSHQRTHTGEKPYVCRE
:L	CGRGFSWQSVLLRHQRTHTGEKPYVCRE
:M	CGRGFRDKSHLLRHQRTHTGEKPYVCRE
:N	CGRGFSRQSVLLSHQRTHTGEKPYVCRE
:O	CGRGFRDKSNLLSHQRTHTGDKPYVCRE
:P	CGRGFRDESNLLSHQRTHTGEKPYVCRE
:Q	CGRGFRNKSHLLRHQRTHTGEKPYVCRE
:R	CGRGFSRQSVLLTHQRTHTGEKPYVCRE
:S	CRRGFSWQSVLLTHQRTHTGEKPYVCRE
:T	CGRGFRDKSHLLRHQRTHTGEKPYVCRE
:U	CGRGFSDKSHLLRHQRTHTGEKPYVCRE
:V	CGRGFSWQSVLLSHQRTHTGKKPYVCRE
|1	CGQGFSVKSDVITHQRTHTGEKPYVCRE
|2	CGRGFRDKSNLLTHQRTHTGEKPYVCRE
|3	CGRGFSRQSVLLTHQRRHTGEKPYVCRE
|4	CGRGFRDKSHLLTHQRTHTGEKPYVCRE
|5	CGRGFSNKSHLLIHQRTHTGEKPYVCRE
|6	CGRGFSWQSVLLTHQRTHTGDKPYVCRE
|7	CGRGFRDKSHLLSHQRTHTGDKPYVCRE
|8	CGRGFRDRSSLCYHQRTHTGEKPYVCRE
|9	CGRGFSDRSSLCYHQRTHTGDKPYVCRE
|A	CGRGFSNKSHLLRHQRTHTGDKPYVCRE
|B	CGRGFRNKSHLLRHQRTHTGDKPYVCRE
|C	CGRGFRDKSNLLRHQRTHTGDKPYVCRE
|D	CGRGFSWQSVLLRHQRRHTGEKPYVCRE
|E	CGRGFRNKSHLLSHQRTHTGDKPYVCRE
|F	CGRGFSRQSVLLRHQRTHTGEKPYVCRE
|G	CGRGFRDRSSLCYHQRTHTGEKPYVCRE
|H	CGRGFRNKSHLLRHQRIHTGEKPYVCRE
|I	CGRGFSWQSHLLTHQRTHTGEKPYVCRE
|J	CGRGFSWQSVLLIHQRTHTGEKPYVCRE
|a	CGRGFRDKSHLLRHQRTHTGEKPYVCRE
|b	CGRGFSWQSVLLTHQRRHTGEKPYVCRE
|c	CGRGFSWKSHLLIHQRTHTGEKPYVCRE
|d	CGRGFSNKSHLLRHQRTHTGEKPYVCRE
|e	CGRGFSRQSVLLIHQRIHTGEKPYVCRE
|f	CGRGFSWQSVLLSHQRRHTGEKPYVCRE
|g	CGRGFRDKSHLLRHQRTHTGEKPYVCRE
|h	CGRGFSNKSHLLSHQRTHTGEKPYVCRE
|i	CGRGFSWQSVLLIHQRIHTGEKPYVCRE
|j	CGRGFSRQSVLLTHQRIHTGEKPYVCRE
|k	CGRGFRDKSNLLRHQRTHTGEKPYVCRE
|l	CGRGFSWQSVLLTHQRIHTGEKPYVCRE
|m	CGRGFSNKSHLLRHQRTHTGEKPYVCRE
|n	CGRGFSRQSVLLSHQRIHTGEKPYVCRE
|o	CGRGFRDKSNLLRHQRTHTGEKPYVCRE
|p	CGRGFSWQSVLLTHQRTHTGEKPYVCRE
|q	CGRGFRDKSNLLSHQRTHTGEKPYVCRE
|r	CGRGFSWQSVLLRHQRTHTGEKPYVCRE
|s	CGRGFRDKSHLLSHQRTHTGEKPYVCRE
|t	CGRGFSWQSVLLSHQRIHTGEKPYVCRE
|u	CGRGFSWKSHLLTHQRTHTGEKPYVCRE
|v	CGRGFRNKSHLLSHQRTHTGEKPYVCRE
|w	CGRGFSDRSHLLSHQRTHTGEKPYVCRE
|x	CGRGFSDRSSLCYHQRTHTGEKPYVCRE
|y	CGRGFRDKSNLLSHQRRHTGEKPYVCRE
|z	CGRGFRDKSHLLIHQRIHTGEKPYVCRE
