!A	TGTGGGCGGGGCTTTAGCCGGCAGTCTGTCCTCCTCACTCACCAGAGGAGACACACAGGGGAGAAGCCCTATGTCTGCAGGGAG
!B	TGTGGGCGGGGCTTTAGCCGGCAGTCAGTCCTCCTCACTCACCAGAGGAGACACACAGGGGAGAAGCCCTTTGTCTGCAGGGAG
!C	TGTGGGCGGGGTTTTAGCTGGCAGTCAGTCCTCCTCAGTCACCAGAGGACACACACAGGGGAGAAGCCCTATGTCTGCAGGGAG
!D	TGTGGGCGGGGCTTTAGAGATAAGTCAAACGTCCTCAGTCACCAGAGGACACACACAGGGGAGAAGCCCTATGTCTGCAGGGAG
!E	TGTGGGCGGGGCTTTCGCAATAAGTCACACCTCCTCAGACACCAGAGTACACACACAGGGGAGAAGCCCTACGTCTGCAGGGAG
!F	TGTGGGCGGGGCTTTAGCTGGCAGTCAGTCCTCCTCAGACACCAGAGGACACACACAGGGTAGAAGCCCTATGTCTGCAGGGAG
!G	TGCGGGCGGGGCTTTAGCTGGCAGTCAGTCCTCCTCACTCACCAGAGGACACACACAGGGGAGAAGCCCTATGTCTGCAGGGAG
!H	TGTGGGCGGGGCTTTAGCAATAAGTCACACCTCCTCAGACACCAGAGGACACACACAGGGAAGAAGCCCTATGTCTGCAGGGAG
!I	TGTGGGCGGGGCTTTAGCCGGCAGTCAGTCCTCCATACTCACCAGAGGAGACACACAGGGGAGAAGCCCTATGTCTGCAGGGAG
!J	TGTGGGCGGGGCTTTAGCTGGCAGTCAGTCCTCCTCAGTCACCAGAGGACACACACAGCGGAGAAGCCCTATGTCTGCAGGGAG
!K	TGTGGGCGGGGCTTTAGCGATAGGTCAAGCCTCTGCTATCACCTGAGGACACACACAGGGGAGAAGCCCTACGTCTGCAGGGAG
!L	TGTGGGCGGGGCTTTAGCTGGAAGTCACACCTCCTCATTCACCAGAGGAGACACACAGGGGAGAAGCCCTATGTCTGCAGGGAG
!M	TGTGGGCGGGGCTTTAGCTGGCAGTCAGTCCTCCTCACTCACCAGAGGACACACACAGGGGAGAAGCCTTATGTCTGCAGGGAG
!N	TGTGGGCGGGGCTTTAGCTGGAAGTCACACCTCCTCATTCACCAGAGGATACACATAGGGGAGAAGCCCTATGTCTGCAGGGAG
:A	TGTGGACAAGGTTTCAGTGTTAAATCAGATGTTATTACACACCAAAGGACACATACAGGGGAGAAGCTCTACGTCTGCAGGGAG
:B	TGTGGGCGGGGCTTTAGCTGGAAGTCACACCTCCTCATTCACCAGAGGATACACACAGGGGAGAAGCCCTATGTCTGCAGGGAG
:C	TGTGGGCGGGGCTTTAGCTGGCAGTCAGTCCTCCTCACTCACCAGAGGACACACACAGGGGAGAAGCCCTATGTCTGCAGGGAG
:D	TGTGGGCGGGGCTTTAGCCGGCAGTCAGTCCTCCTCACTCACCAGAGGAGACACACAGGGGAGAAGCCCTATGTCTGCAGGGAG
:E	TGTGGGCGGGGCTTTAGCTGGCAGTCAGTCCTCCTCAGTCACCAGAGGACACACACAGGGGAGAAGCCCTATGTCTGCAGGGAG
:F	TGTGGGCGGGGCTTTAGCAATAAGTCACACCTCCTCAGACACCAGAGGACACACACAGGGGAGAAGCCCTATGTCTGCAGGGAG
:G	TGTGGGCGGGGCTTTCGCGATAAGTCACACCTCCTCAGACACCAGAGGACACACACAGGGGAGAAGCCCTATGTCTGCAGGGAG
:H	TGTGGGCGGGGCTTTAGAGATAAGTCAAACCTCCTCAGTCACCAGAGGACACACACAGGGGAGAAGCCCTATGTCTGCAGGGAG
:I	TGTGGGCGGGGCTTTCGCAATAAGTCACACCTCCTCAGACACCAGAGGACACACACAGGGGAGAAGCCCTACGTCTGCAGGGAG
:J	TGTGGGCGGGGCTTTAGCGATAGGTCAAGCCTCTGCTATCACCAGAGGACACACACAGGGGAGAAGCCCTACGTCTGCAGGGAG
:K	TGTGGGCGGGGCTTTAGAGATAAGTCACACCTCCTCAGTCACCAGAGGACACACACAGGGGAGAAGCCCTATGTCTGCAGGGAG
:L	TGTGGGCGGGGCTTTAGCTGGCAGTCAGTCCTCCTCAGACACCAGAGGACACACACAGGGGAGAAGCCCTATGTCTGCAGGGAG
:M	TGTGGGCGGGGCTTTAGAGATAAGTCACACCTCCTCAGACACCAGAGGACACACACAGGGGAGAAGCCCTACGTCTGCAGGGAG
:N	TGTGGGCGGGGCTTTAGCCGGCAGTCAGTCCTCCTCAGTCACCAGAGGACACACACAGGGGAGAAGCCCTATGTCTGCAGGGAG
:O	TGTGGGCGGGGCTTTAGAGATAAGTCAAACCTCCTCAGTCACCAGAGGACACACACAGGGGACAAGCCCTATGTCTGCAGGGAG
:P	TGTGGGCGGGGCTTTAGAGATGAGTCAAACCTCCTCAGTCACCAGAGGACACACACAGGGGAGAAGCCCTATGTCTGCAGGGAG
:Q	TGTGGGCGGGGCTTTCGCAATAAGTCACACCTCCTCAGACACCAGAGGACACACACAGGGGAGAAGCCCTATGTCTGCAGGGAG
:R	TGTGGGCGGGGCTTTAGCCGGCAGTCAGTCCTCCTCACTCACCAGAGGACACACACAGGGGAGAAGCCCTATGTCTGCAGGGAG
:S	TGTAGGCGGGGCTTTAGCTGGCAGTCAGTCCTCCTCACTCACCAGAGGACACACACAGGGGAGAAGCCCTATGTCTGCAGGGAG
:T	TGTGGGCGGGGCTTTCGCGATAAGTCACACCTCCTCAGACACCAGAGGACACACACAGGGGAGAAGCCCTATGTTTGCAGGGAG
:U	TGTGGGCGGGGCTTTAGCGATAAGTCACACCTCCTCAGACACCAGAGGACACACACAGGGGAGAAGCCCTATGTCTGCAGGGAG
:V	TGTGGGCGGGGCTTTAGCTGGCAGTCAGTCCTCCTCAGTCACCAGAGGACACACACAGGGAAGAAGCCCTATGTCTGCAGGGAG
|1	TGTGGACAAGGTTTCAGTGTTAAATCAGATGTTATTACACACCAAAGGACACATACAGGGGAGAAGCCCTATGTCTGCAGGGAG
|2	TGTGGGCGGGGCTTTAGAGATAAGTCAAACCTCCTCACTCACCAGAGGACACACACAGGGGAGAAGCCCTATGTCTGCAGGGAG
|3	TGTGGGCGGGGCTTTAGCCGGCAGTCAGTCCTCCTCACTCACCAGAGGAGACATACAGGGGAGAAGCCCTATGTCTGCAGGGAG
|4	TGTGGGCGGGGCTTTAGAGATAAGTCACACCTCCTCACTCACCAGAGGACACACACAGGGGAGAAGCCCTATGTCTGCAGGGAG
|5	TGTGGGCGGGGCTTTAGCAATAAGTCACACCTCCTCATTCACCAGAGGACACACACAGGGGAGAAGCCCTATGTCTGCAGGGAG
|6	TGTGGGCGGGGCTTTAGCTGGCAGTCAGTCCTCCTCACTCACCAGAGGACACACACAGGGGACAAGCCCTATGTCTGCAGGGAG
|7	TGTGGGCGGGGCTTTAGAGATAAGTCACACCTCCTCAGTCACCAGAGGACACACACAGGGGACAAGCCCTATGTCTGCAGGGAG
|8	TGTGGGCGGGGCTTTAGAGATAGGTCAAGCCTCTGCTATCACCAGAGGACACACACAGGGGAGAAGCCCTACGTCTGCAGGGAG
|9	TGTGGGCGGGGCTTTAGCGATAGGTCAAGCCTCTGCTATCACCAGAGGACACACACAGGGGACAAGCCCTATGTCTGCAGGGAG
|A	TGTGGGCGGGGCTTTAGCAATAAGTCACACCTCCTCAGACACCAGAGGACACACACAGGGGACAAGCCCTATGTCTGCAGGGAG
|B	TGTGGGCGGGGCTTTCGCAATAAGTCACACCTCCTCAGACACCAGAGGACACACACAGGGGACAAGCCCTATGTCTGCAGGGAG
|C	TGTGGGCGGGGCTTTAGAGATAAGTCAAACCTCCTCAGACACCAGAGGACACACACAGGGGACAAGCCCTATGTCTGCAGGGAG
|D	TGTGGGCGGGGCTTTAGCTGGCAGTCAGTCCTCCTCAGACACCAGAGGAGACACACAGGGGAGAAGCCCTATGTCTGCAGGGAG
|E	TGTGGGCGGGGCTTTCGCAATAAGTCACACCTCCTCAGTCACCAGAGGACACACACAGGGGACAAGCCCTATGTCTGCAGGGAG
|F	TGTGGGCGGGGCTTTAGCCGGCAGTCAGTCCTCCTCAGACACCAGAGGACACACACAGGGGAGAAGCCCTATGTCTGCAGGGAG
|G	TGTGGGCGGGGCTTTAGAGATAGGTCAAGCCTCTGCTATCACCAGAGGACACACACAGGGGAGAAGCCCTATGTCTGCAGGGAG
|H	TGTGGGCGGGGCTTTCGCAATAAGTCACACCTCCTCAGACACCAGAGGATACACACAGGGGAGAAGCCCTATGTCTGCAGGGAG
|I	TGTGGGCGGGGCTTTAGCTGGCAGTCACACCTCCTCACTCACCAGAGGACACACACAGGGGAGAAGCCCTATGTCTGCAGGGAG
|J	TGTGGGCGGGGCTTTAGCTGGCAGTCAGTCCTCCTCATTCACCAGAGGACACACACAGGGGAGAAGCCCTATGTCTGCAGGGAG
|a	TGTGGGCGGGGCTTTCGCGATAAGTCACACCTCCTCAGACACCAGAGGACACACACAGGGGAGAAGCCCTACGTCTGCAGGGAG
|b	TGTGGGCGGGGCTTTAGCTGGCAGTCAGTCCTCCTCACTCACCAGAGGAGACACACAGGGGAGAAGCCCTATGTCTGCAGGGAG
|c	TGTGGGCGGGGCTTTAGCTGGAAGTCACACCTCCTCATTCACCAGAGGACACACACAGGGGAGAAGCCCTATGTCTGCAGGGAG
|d	TGTGGGCGGGGCTTTAGCAATAAGTCACACCTCCTCAGACACCAGAGGACACACACAGGGGAGAAGCCCTACGTCTGCAGGGAG
|e	TGTGGGCGGGGCTTTAGCCGGCAGTCAGTCCTCCTCATTCACCAGAGGATACACACAGGGGAGAAGCCCTATGTCTGCAGGGAG
|f	TGTGGGCGGGGCTTTAGCTGGCAGTCAGTCCTCCTCAGTCACCAGAGGAGACACACAGGGGAGAAGCCCTATGTCTGCAGGGAG
|g	TGTGGGCGGGGCTTTAGAGATAAGTCACACCTCCTCAGACACCAGAGGACACACACAGGGGAGAAGCCCTATGTCTGCAGGGAG
|h	TGTGGGCGGGGCTTTAGCAATAAGTCACACCTCCTCAGTCACCAGAGGACACACACAGGGGAGAAGCCCTATGTCTGCAGGGAG
|i	TGTGGGCGGGGCTTTAGCTGGCAGTCAGTCCTCCTCATTCACCAGAGGATACACACAGGGGAGAAGCCCTATGTCTGCAGGGAG
|j	TGTGGGCGGGGCTTTAGCCGGCAGTCAGTCCTCCTCACTCACCAGAGGATACACACAGGGGAGAAGCCCTATGTCTGCAGGGAG
|k	TGTGGGCGGGGCTTTAGAGATAAGTCAAACCTCCTCAGACACCAGAGGACACACACAGGGGAGAAGCCCTATGTCTGCAGGGAG
|l	TGTGGGCGGGGCTTTAGCTGGCAGTCAGTCCTCCTCACTCACCAGAGGATACACACAGGGGAGAAGCCCTATGTCTGCAGGGAG
|m	TGTGGGCGGGGCTTTAGCAATAAGTCACACCTCCTCAGACACCAGAGGACACACACAGGGGAGAAGCCCTATGTTTGCAGGGAG
|n	TGTGGGCGGGGCTTTAGCCGGCAGTCAGTCCTCCTCAGTCACCAGAGGATACACACAGGGGAGAAGCCCTATGTCTGCAGGGAG
|o	TGTGGGCGGGGCTTTAGAGATAAGTCAAACCTCCTCAGACACCAGAGGACACACACAGGGGAGAAGCCCTATGTTTGCAGGGAG
|p	TGTGGGCGGGGCTTTAGCTGGCAGTCAGTCCTCCTCACTCACCAGAGGACACACACAGGGGAGAAGCCCTACGTCTGCAGGGAG
|q	TGTGGGCGGGGCTTTAGAGATAAGTCAAACCTCCTCAGTCACCAGAGGACACACACAGGGGAGAAGCCCTACGTCTGCAGGGAG
|r	TGTGGGCGGGGCTTTAGCTGGCAGTCAGTCCTCCTCAGACACCAGAGGACACACACAGGGGAGAAGCCCTACGTCTGCAGGGAG
|s	TGTGGGCGGGGCTTTCGCGATAAGTCACACCTCCTCAGTCACCAGAGGACACACACAGGGGAGAAGCCCTATGTCTGCAGGGAG
|t	TGTGGGCGGGGCTTTAGCTGGCAGTCAGTCCTCCTCAGTCACCAGAGGATACACACAGGGGAGAAGCCCTATGTCTGCAGGGAG
|u	TGTGGGCGGGGCTTTAGCTGGAAGTCACACCTCCTCACTCACCAGAGGACACACACAGGGGAGAAGCCCTATGTCTGCAGGGAG
|v	TGTGGGCGGGGCTTTCGCAATAAGTCACACCTCCTCAGTCACCAGAGGACACACACAGGGGAGAAGCCCTATGTCTGCAGGGAG
|w	TGTGGGCGGGGCTTTAGCGATAGGTCACACCTCCTCAGTCACCAGAGGACACACACAGGGGAGAAGCCCTATGTCTGCAGGGAG
|x	TGTGGGCGGGGCTTTAGCGATAGGTCAAGCCTCTGCTATCACCAGAGGACACACACAGGGGAGAAGCCCTATGTCTGCAGGGAG
|y	TGTGGGCGGGGCTTTAGAGATAAGTCAAACCTCCTCAGTCACCAGAGGAGACACACAGGGGAGAAGCCCTATGTCTGCAGGGAG
|z	TGTGGGCGGGGCTTTCGCGATAAGTCACACCTCCTCATTCACCAGAGGATACACACAGGGGAGAAGCCCTATGTCTGCAGGGAG
