A	:A:B:C:D:D:E:C:F:G:H:F:I:J
Av:0020	:A:B|e:C:D:D:E:C:F:G:H:F:I:J
Av:0027	:A:B:C:D:D:F:E:C:U:G:H:F:I:J
Av:0029	:A:B:C:D:D:E|b:E:F:G:H:F:I:J
Av:0035	:A:B:C:D:D:E:C:F:G:H:F:H|d:J
Av:0041	:A:B:C:D:D:E:C:F:G:G:G:H:F:I:J
Av:0043	:A:B:C:D:F:C:F:G:H:F:I:J
Av:0047	:A:B:C:D:D:E:D:D|f:D:E:C:F:G:H:F:I:J
Av:0048	:A:B:C:D:D:E:C:F:G:H:F:I:H:F:H:F:I:J
Av:0049	:A:B:C:D:D:E:C:F:D:D:D:E:C:F:G:H:F:I:J
Av:0050	:A:B:C:D:D:E:C:F:G:H:F:Q:G:H:F:Q:F:I:J
Av:0051	:A:B:C:D:D:E:C:F:G:H:F:I:H:F:I:H:F:I:J
Av:0052	:A:B:C:D:D:C:D:D:D:C:D:D:E:C:F:G:H:F:I:J
Av:0065	:A:B:C:D:D:E|i|i:C:D:D:E:C:F:G:H:F:I:J
Av:0071	:A:B:C:D:D:E:C:F:R:F:G:H:F:I:J
Av:0081	:A:B:D:D:C:D:D:E:C:F:G:H:F:I:J
Av:0082	:A:B:C:D:D:E:C:C:D:E:C:F:G:H:F:I:J
Av:0083	:A:B:C:D:D:E:C:F:G:H:F:H|k:I:J
Av:0084	:A:B:C:D:D:E:C:F|b:D:E:C:G:H:F:I:J
Av:0088	:A:B:C:D:D:C|b:R:D:D:E:C:F:G:H:F:I:J
Av:0092	:A:B:C:C:D:D:E|l:C:D:D:E:C:F:G:H:F:I:J
Av:0094	:A:B:C:D:D:E|b|b:E|b:D:E:C:F:G:H:F:I:J
Av:0095	:A:B:C:D:D:E:C:F:G:H:F:G:K:F:I:J
Av:0107	:A:B:C:D|n|l:C:D:D:E:C:F:G:H:F:I:J
Av:0117	:A:B:C:D:C:C:D:C|b:D:E:C:F:G:H:F:I:J
Av:0119	:A:B:C:D:D:E|b:F:G:H:F:I:F:F:F:G:H:F:I:J
Av:0123	:A:B|t:R:D:D:E:C:F:G:H:F:I:J
Av:0129	:A:B:C:D:D:E:C:F:G:F:H:F:I:J
Av:0152	:A:B:C|b:C:D:D:E:C:F:G:H:F:I:J
Av:0154	:A:B:C:D:D:E:D:D:C:F:G:H:F:I:J
Av:0156	:A:B:C:D:D:E:C:C:C:F:G:H:F:I:J
Av:0168	:A:B:C:D:D:C:D:D:N:C:F:G:H:F:I:J
Av:0177	:A:B:C:D:D:E:E:D:D:C:C:F:G:H:F:I:J
Av:0178	:A:B:C:D:D:E:F:G:F:F:C:F:G:H:F:I:J
Av:0242	:A:B:C:D:D:C:C:C:E:C:F:G:H:F:I:J
Av:0243	:A:B:C:D:D:E:C:F:G:H:F:Q:Q:I:J
Av:0252	:A:B:C:D:D:D:C:D:D:E:C:F:G:H:F:I:J
Av:0342	:A:B:C:D:D:E:C:F:G:C:F:H:F:I:J
Av:0344	:A:B:C:D:D:E:C:F:G:H|k:F:F:I:J
Av:0352	:A:B:C:D:D:E:C:F:H:E:C:F:F:G:H:F:I:J
Av:0357	:A:B:C:D:D:C:C:C:F:G:C:E:C:F:G:H:F:I:J
Av:0358	:A:B:C:C:C:C:D:D:E:C:F:G:H:F:I:J
Av:0392	:A:B:C:D:R|i:C:D:D:E:C:F:G:H:F:I:J
Av:0400	:A:B|b:C:D:C:D:C:D:D:E:C:F:G:H:F:I:J
Av:0418	:A:B:C|j:R:D:D:E:C:F:G:H:F:I:J
Av:0419	:A:B:C:D:D:E:C:F:E:E:C:F:G:H:F:I:J
Av:0420	:A:B:C:D:D:E:C:F|s:G|s|s:G:H:F:I:J
Av:0428	:A:B:C:D:D:E:C:F:G:H:F:I:Q:I:J
Av:0443	:A:B:C:D:D:E:C:F:G:H:F:Q:F:F:G:H:F:I:J
Av:0462	:A:B:C:D:D:E|b|b:E:C:F:G:H:F:I:J
Av:0463	:A:B:C:D:C:D:D:E:C:D:C:D:D:E:C:F:G:H:F:I:J
Av:0464	:A:B:C:D:D:E:C:F:G:H|h:D:D:E:C:F:G:H:F:I:J
Av:0466	:A:B:C:D:D:E:C:F:G:H:F:Q:F:Q:I:J
Av:0476	:A:B:C:D:D:E:C:F:G:H:D:E:C:F:D:E:C:F:G:H:F:I:J
Av:0484	:A:B:C:D:D:E:C:F:G|k:C:F:G:H:F:I:J
Av:0485	:A:B:C:D:D:E:C:F:G:H:H:F:Q:H:F:I:J
Av:0487	:A:B:C:D:D:E:C:F:G:H:F:H:F:G:F:I:J
Av:0495	:A:B:C:D:D:E:C|b:C:D:D:E|g:G:H:F:I:J
Av:0496	:A:B:C:D:D:E:C:F:G:G:E:C:F:G:H:F:I:J
Av:0498	:A:B:C:D:D:E:C:F:G:H:F:Q:Q:H:F|H:I:J
Av:0499	:A:B:C:D:D:E:C:F:G:H:F:I:J|g:G:H:I:J
Av:0501	:A:B:C:D|b:D:D:E:C:F:G:H:F:I:J
Av:0505	:A:B:C:D:D:E:C:F:G:H:H:G:H:G:H:H:F:I:J
Av:0506	:A:B:C:D:D:E:C:F:G:H:F:Q|v:I:J
Av:0507	:A:B:C:D:D:E:C:F:G:H:F:C:F:G:H:F:F:I:J
Av:0509	:A:B:C:D:D:E:C:F:G:H:F:I:Q:F:G:H:F:I:J
Av:0520	:A:B:C:E:D:D:D:D:E:C:F:D:D:E:C:F:G:H:F:I:J
Av:0524	:A:B:C:D:D:E:C|h:F:F:G:H:E:C|h:F:F:G:H:F:I:J
Av:0527	:A:B:C:D:D:E:F:G:D:C:F:G:H:F:I:J
Av:0529	:A:B:C:D:D:E:C:F|g|g|h:G:H:F:I:J
Av:0530	:A:B:C:D:D:C:D:D:E:E:D:D:C:D:D:E:C:F:G:H:F:I:J
Av:0532	:A:B:C:D:D:E:C:F:G:H:D:D:E:C:F:H:D:D:E:C:F:I:J
Av:0536	:A:B:C:D:D:E:C:F:G:H|h:D:D:E:C:F:G:H:F:G:H:F:I:J
Av:0538	:A:B:C:D:D:E:C:F:G:H:F|d:D:C:F:D:E:C:F:G:H:F:I:J
Av:0540	:A:B:C:D:D:E:C:F:G:G:G:G:G:H:F:I:G:G:G:G:G:H:F:I:J
Av:0001	:A:B:C:F:G:H:F:I:J
Av:0002	:A:B:D:D:E:C:F:G:H:F:I:J
Av:0003	:A:B:C:C:F:G:H:F:I:J
Av:0004	:A:B|b:D:E:C:F:G:H:F:I:J
Av:0005	:A:B:C:D:F:G:H:F:I:J
Av:0006	:A:B:C:D:D:E:C:F|a:J
Av:0007	:A:B:C:D:D:E:F:G:H:F:I:J
Av:0008	:A:D:D:E:C:F:G:H:F:I:J
Av:0009	:A:B:C:D:D:E:C:G:H:F:I:J
Av:0010	:A:B|b:E:C:F:G:H:F:I:J
Av:0011	:A:B:C:D:D:E:C:F:H:F:I:J
Av:0012	:A:B:C:D:D:E:G:H:F:I:J
Av:0013	:A:B:C:D:D:E:C:F:G:F:I:J
Av:0014	:A:B:C:D:D:E:C:H:F:I:J
Av:0015	:A:B:C:D:D:E:C:F:F:I:J
Av:0016	:A:B:C:D:D:E:C:F:G:H:F:J
Av:0017	:A:B:C:D:D:E:C:F:G:H:F:I
Av:0018	:A:B:C:D:D:E:C:F:G:H:F:F:I:J
Av:0019	:A:F:G:H:F:I:J
Av:0021	:A:B:G:H:F:I:J
Av:0022	:A:B:C:C:D:D:E:C:F:G:H:F:I:J
Av:0023	:A:B:C:H:F:I:J
Av:0024	:A:B:C:D:D:D:E:C:F:G:H:F:I:J
Av:0025	:A:B:C:D:D|f:E:C:F:G:H:F:I:J
Av:0026	:A:B:C:D:D:E:F:I:J
Av:0028	:A:B:C:D:D:E:E:F:I:J
Av:0030	:A:B:C:E:C:F:G:H:F:I:J
Av:0031	:A:B:C:D:D:E:C:C:F:G:H:F:I:J
Av:0032	:A:B:C:D:D:F:G:H:F:I:J
Av:0033	:A:B:C:D:D:E:C:F:F:G:H:F:I:J
Av:0034	:A:B:C:D:D:E:C:F:G:H:F:Q:I:J
Av:0036	:A:B:C:D:D:E:C:F:G:H:F:I:J:J
Av:0037	:A:B:C:D:D:E:C:F:G:H:F:I|d:J
Av:0038	:A|c:D:D:E:C:F:G:H:F:I:J
Av:0039	:A:B:C:D:D:D:D:E:C:F:G:H:F:I:J
Av:0040	:A:B:C:D:D:E:D:E:C:F:G:H:F:I:J
Av:0042	:A:B:C:D:D:C:D:D:E:C:F:G:H:F:I:J
Av:0044	:A:B:C:D:D:E:C:F:G:H:F:G:H:F:I:J
Av:0045	:A:B:C:D:N:C:F:G:H:F:I:J
Av:0046	:A:B:C:D:D:E:C:D:D:E:C:F:G:H:F:I:J
Av:0053	:A:B:C:D:D:E:C:F:G:H|d:J
Av:0054	:A:B:C:D:D:E:C:F:G:H:F:Q:F:I:J
Av:0055	:A:B:C:D:D:E:D:D:E:C:F:G:H:F:I:J
Av:0069	:A:B:C:D:D:E:C:E:C:F:G:H:F:I:J
Av:0101	:A:B:C:D:C:D:D:E:C:F:G:H:F:I:J
Av:0102	:A:B:C:D:D:E:C:F:G:H:F:Q:H:F:I:J
Av:0103	:A:B:C:D:D:E:C:F:G:H:G:H:F:I:J
Av:0109	:A:B:C:D:D:E:C:F:G:H:F:Q:G:H:F:I:J
Av:0122	:A:B:C:D:D:E|p:J
Av:0124	:A|c:C:F:G:H:F:I:J
Av:0125	:A:B:C:D:D|b:E:C:F:G:H:F:I:J
Av:0127	:A:B:C:D:D:E:C:F:G:G:H:F:I:J
Av:0128	:A:B:E:C:F:G:H:F:I:J
Av:0130	:A:B:C:D:D:E:C:F:G|q
Av:0135	:A:B:C:D:D:E:C:F:G:I:J
Av:0137	:A:B:C:D:D:E:C:F:G:H|d
Av:0151	:A:B:C:D:D:E:C:F|s:F:I:J
Av:0153	:A:B:C:D:D|b:D:E:C:F:G:H:F:I:J
Av:0254	:A:B:C:D:D:E:C:F:G:H:F:I|x:H:F:I:J
Av:0340	:A:B:C:D:D:E:C:F:G:F:G:H:F:I:J
Av:0360	:A:B:C:D:D:E:C:F:G:C:F:G:H:F:I:J
Av:0421	:A:B:C:D:D|f:D:E:C:F:G:H:F:I:J
Av:0424	:A:B:C:D:D:E|b:E:C:F:G:H:F:I:J
Av:0426	:A:B:C:D:D:E:C:F:G:H:F:H:F:I:J
Av:0483	:A:B:C:D:D:E:C:F:D:E:C:F:G:H:F:I:J
Av:0486	:A:B:C:D:D:E:C:F:G|q:J
B	:A:B:C:D:D:C:C:F:G:H:F:I:J
C	:A:B:C:D:D:C:C:F:K:H:L:H:I:J
Cv:0194	:A:B:C:D:D|b:R:C:F:K:H:L:H:I:J
Cv:0204	:A:B:C:D:D:C:C:F:K:H:C:L:H:I:J
Cv:0214	:A:B:C:D:D:D:F:K:H:L:H:I:J
Cv:0219	:A:B:C:D:D:D:R:C:C:F:K:H:L:H:I:J
Cv:0221	:A:B:C:D:D:C|j:C:C:F:K:H:L:H:I:J
Cv:0227	:A:B:C:D:D:D:D:D:C:C:F:K:H:L:H:I:J
Cv:0228	:A:B:C:D:D:C:C:F:K:H|2:C:H:L:H:I:J
Cv:0232	:A:B:C:D:D:C:C:F:K:H:L:H:Q:Q:H:I:J
Cv:0233	:A:B:C:D:D:D:R:D:D:C:C:F:K:H:L:H:I:J
Cv:0236	:A:B:C:D:D:D:R:C|b:D:R:C:F:K:H:L:H:I:J
Cv:0237	:A:B:C:D:D:C:C:F:K:H:L:L:K:H:L:L:H:I:J
Cv:0239	:A:B:C:D:D:B|b|3:B|b:D:C:C:F:K:H:L:H:I:J
Cv:0240	:A:B:C:D:D:C:C:C:F:K:H:R:C:F:K:H:L:H:I:J
Cv:0241	:A:B:C:D:D:C:C:F:K:H:L:H:L:L:H:L:L:H:I:J
Cv:0260	:A:B:C:D:D:C:C:F:K|4:L|4:L:H:I:J
Cv:0261	:A:B:C:D:D:C:C:F:K:H:L:H:C:C:I:J
Cv:0262	:A:B:C:D:D:C:C:F:K:L:H:L:H:I:J
Cv:0265	:A:B:C:D:D:C:C:F:K:H:L:H:L|q:J
Cv:0269	:A:B:C:D:D:C:C:F:K:H:L:K:Q|v:H:L:H|d:J
Cv:0274	:A:B:C:D:D:C:C:F|5:D:D:C:C:D:D:C:C:K:H:L:H:I:J
Cv:0276	:A:B:C:R:D:D:C:C:C:F:K:H:L:H:I:J
Cv:0278	:A:B:C:D:R:C:L:H:I:J
Cv:0281	:A:B:C:D:D:C:D:R:C:F:K:H:L:H:I:J
Cv:0283	:A:B:C:D:D:C:C:F:K:H:C:H:L:H:I:J
Cv:0285	:A:B:C:D:D:C:C:F:K:H:L:L:L:H:I:J
Cv:0303	:A:B:C|b:D:D:D:D:C:C:F:K:H:L:H:I:J
Cv:0305	:A:B:C:D:R:D:D:D:C:C:F:K:H:L:H:I:J
Cv:0309	:A:B:C:D:D:C:C:F:K:H:L:H:L:H:H:I:J
Cv:0314	:A:B:C:D:D:C:C:F:K:H:L:K:H:I:J
Cv:0316	:A:B:C:D:D:C:C:F:K:H:L:H:L:I:J
Cv:0336	:A:B:C:D:D:C:C:F:K:K:K:F:K:F:F:K:H:L:H:I:J
Cv:0393	:A:B:C:D:R:C:C:D:C:C:F:K:H:L:H:I:J
Cv:0394	:A:B:C:D:D:C:C:F:K:H|F:L:H:I:J
Cv:0395	:A:B:C:D:D:C:C:F:K:H:F:L:H:I:J
Cv:0396	:A:B:C:D:D:C:C:F:K:H:L:K:H:E:H:I:J
Cv:0397	:A:B:C:D:D:C:C:F:K:H:L|g|h:I:J
Cv:0398	:A:B:C:D:D:C:C:F:K:H:L|g:H:L:H:I:J
Cv:0402	:A:B:C|j|b|j:C:D:D:C:C:F:K:H:L:H:I:J
Cv:0404	:A:B:C:D:D:C:C:F:K:H:L|q:L:H:C:H:I:J
Cv:0406	:A:B:C:D:D:C:C:F:K:H:L:K:H:L:H:L|q:J
Cv:0407	:A:B:C:D:D:C:C:F:K:H:L:L:K:H:L:H:I:J
Cv:0408	:A:B:C:D:D:C:C:F:K:H:L:F:K:H:I:J
Cv:0409	:A:B:C:D:D:C:C:F:K:H:K:K:H:K:H:L:H:I:J
Cv:0410	:A:B:C:D:D:C:C:F:K:H:L:H:L|h:I:J
Cv:0413	:A:B:C:D:D:C:C:F:K:H:C:F:F:K:H|k:L:H:I:J
Cv:0414	:A:B:C:D:D:C:C:F:K:H:L:H:I|G:F:K:H:L:H:I:J
Cv:0415	:A:B:C:D:D:C:C:C:D:D:C:D:D:C:C:F:K:H:L:H:I:J
Cv:0417	:A:B:C:D:D:C:C:F:K:H:L:H:C:F:K:H:K:H:L:H:I:J
Cv:0189	|1:K:H:L:H:I:J
Cv:0190	:A:B:C:C:D:D:C:C:F:K:H:L:H:I:J
Cv:0191	:A:B:C:K:H:L:H:I:J
Cv:0192	:A:B:C:D:D:D:C:C:F:K:H:L:H:I:J
Cv:0193	:A:B:C:D:D:C:C|d:J
Cv:0195	:A:B:C:D:D:C:C:F:J
Cv:0196	:A:B:C:D:D:C:C:C:F:K:H:L:H:I:J
Cv:0197	:A:B:C:F:K:H:L:H:I:J
Cv:0198	:A:B:C:D:D:C:C:F:F:K:H:L:H:I:J
Cv:0199	:A:B:C:D:D:C:L:H:I:J
Cv:0200	:A:B:C:D:D:C:C:F:K:K:H:L:H:I:J
Cv:0201	:A:B:C:D:D:C:C:F:K:J
Cv:0202	:A:B:C:D:D:C:C:F:K:H:H:L:H:I:J
Cv:0203	:A:B:C:C:F:K:H:L:H:I:J
Cv:0205	:A:B:C:D:D:C:C:F:K:I:J
Cv:0206	:A:B:C:D:D:C:C:F:K:H:L:L:H:I:J
Cv:0207	:A:B:C:D:D:F:K:H:L:H:I:J
Cv:0208	:A:B:C:D:D:C:C:F:K:H:L:H:H:I:J
Cv:0209	:A:B:C:D:D:C:C:F:K:H:I:J
Cv:0210	:A:B:D:D:C:C:F:K:H:L:H:I:J
Cv:0211	:A:B:C:D:D:C:C:F:K:H:L:H:I:J:J
Cv:0212	:A:B:C:D:C:C:F:K:H:L:H:I:J
Cv:0213	:A:B:C:D:C:D:D:C:C:F:K:H:L:H:I:J
Cv:0215	:A:B:C:D:R:D:D:C:C:F:K:H:L:H:I:J
Cv:0216	:A:B:C:D:D:C:F:K:H:L:H:I:J
Cv:0217	:A:B:C:D:D:D:D:C:C:F:K:H:L:H:I:J
Cv:0218	:A:B:C:D:D:C:C:K:H:L:H:I:J
Cv:0220	:A:B:C:D:D:C:C:F:H:L:H:I:J
Cv:0222	:A:B:C:D:D:C:C:F:K:L:H:I:J
Cv:0223	:A:B:C:D:D:C:C:F:K:H:L:H:L:H:I:J
Cv:0224	:A:B:C:D:D:C:C:F:K:H:L:I:J
Cv:0225	:A:B:C:D:D:C:C:F:K:H:L:H:Q:H:I:J
Cv:0226	:A:B:C:D:D:C:C:F:K:H:L|q:J
Cv:0229	:A:B:C:D:D:C:C:F:K:H:L:K:H:L:H:I:J
Cv:0230	:A:B:C:D:D:C:C:F:K:H:L:H:H:L:H:I:J
Cv:0231	:A:B:C:D:D:C:C:F:K:H:L:H:Q:L:H:I:J
Cv:0234	:A:B:C:D:D:C:C:D:D:C:C:F:K:H:L:H:I:J
Cv:0235	:A:B:C:D:D:C:C:F:K:H:L:F:K:H:L:H:I:J
Cv:0238	:A:B:C:D:D:C:C:F:K:H:L:H:Q:K:H:L:H:I:J
Cv:0267	:A:B:C:D:D:C:C:F:K:H:C:F:K:H:L:H:I:J
Cv:0277	:A|c:C:F:K:H:L:H:I:J
Cv:0279	:A:B:C:D:D:C|b:C:C:F:K:H:L:H:I:J
Cv:0280	:A:B:C:D:D:C:C:H:I:J
Cv:0282	:A:B:C:D:D:C:C:L:H:I:J
Cv:0286	:A:B:C:D:D:C:C:F:L:H:I:J
Cv:0288	:A:B:C:D:D:C:C:F:K:H:L:H:I|x:I:J
Cv:0298	:A:B:C:D:D:C:C:F:K:H:H:I:J
Cv:0307	:A:B:C:D:D:C:D:D:C:C:F:K:H:L:H:I:J
Cv:0317	:A:B:C:D:D:C:C:F:K:C:C:F:K:H:L:H:I:J
Cv:0391	:A:B:B:C:D:D:C:C:F:K:H:L:H:I:J
Cv:0399	:A:B:C:D:D:C:C:F:K:H:L:H:I|d:J
Cv:0416	:A:B:C:D:D:C:C:F:K:H:C:D:D:C:C:F:K:H:L:H:I:J
D	:A:B:C:D:D:E:C:F:K:G:H:F:I:J
Dv:0422	:A:B:C:D:D:E:C:F:G|g|g:K:G:H:F:I:J
Dv:0423	:A:B:C:D:D:E:C:F:K:G:F:H:F:H:F:I:J
Dv:0431	:A:B:C:D:D:D|j:D:D:E:C:F:K:G:H:F:I:J
Dv:0434	:A:B:C:D:D:E:C:D|g:K:G:H:F:I:J
Dv:0435	:A:B:C:D:D:E:C:F|g:G:H:F:K:G:H:F:I:J
Dv:0437	:A:B:C:D:D:E:C:F:K:G|I:F:K:G:H:F:I:J
Dv:0439	:A:B:C:D:D:E:C:F:K:G:H:G:K:G:H:F:I:J
Dv:0445	:A:B:C:D:D:E:C:F:K:G:H:F:Q|g:G:H:F:I:J
Dv:0446	:A:B:C:D:D:E:C:F:K:G:H|g:F:I:J
Dv:0453	:A:B:C:D:D:E:C:F:K:G:H:F:G:H:F:G:H:F:I:J
Dv:0455	:A:B:C:D:D:E:C:F:K:G:H:F:I:K:K:G:H:F:I:J
Dv:0465	:A:B:C:D:D:E:C:F:K|s:C:D:D:E:C|g:G:H:F:I:J
Dv:0467	:A:B:C:D:D:E:C:F:K:G:H:F:Q:F:F:K:G:H:F:I:J
Dv:0470	:A:B:C:D:D:E:C:F|g:F:K:G:H:F:I:J
Dv:0471	:A:B:C:D:D:E:C:F:H|q:C:H:H:H:H:C:K:G:H:F:I:J
Dv:0472	:A:B:C:D:D:E:C:F:K:H:F:G:H:F:I:J
Dv:0477	:A:B:C:D:D:E:C:F:K:G:F:F:H:F:I:J
Dv:0479	:A:B:C:D:D:E:C:F:K:G:H:Q:H:F:I:J
Dv:0489	:A:B:C:D:D:E:C|e:E:C:F:K:G:H:F:I:J
Dv:0491	:A:B:C:D:D:E:C:F:D:C:F:K:G:H:F:I:J
Dv:0492	:A:B:C:D:D:E:C:F:K:G:H|h|h|h:F:I:J
Dv:0493	:A:B:C:D:D:E:C:F:K:G:H|d:G:H:F:I:J
Dv:0497	:A:B:C:D:D:E:C:F:K|g:I:J
Dv:0500	:A:B:C:D:D:E:C:F:G:F:G:F:K:G:H:F:I:J
Dv:0502	:A:B:C:D:D:E:C:F:K:G:H:F:Q:F:Q:F:I:J
Dv:0511	:A:B:C:D:D:E:C|J:D:D:E:C:F:K:G:H:F:I:J
Dv:0514	:A:B:C:D:D:E:C:F:K:G:H:G:G:H:K:H:F:I:J
Dv:0516	:A:B:C:D:D:E:C|d:K:K:G:H:F:I:J
Dv:0518	:A:B:C:D:D:E:C:F:K:G|k|g|k:C:K:G:H:F:I:J
Dv:0521	:A:B:C:D:D:E:C:F:K:G:H:K:F:I:J
Dv:0523	:A:B:C:D:D:E:C:F:K:G:F:D:E:C:F:K:G:H:F:I:J
Dv:0525	:A:B:C:D:D:E:C:F:K:H:F:K:F:K:G:F:K:G:H:F:I:J
Dv:0528	:A:B:C:D:D:E:C:F:K:G:H|d:F:F:C:F:K:G:H:F:I:J
Dv:0531	:A:B:C:D:D:E:C:F:K:G:K:F:H:F:I:J
Dv:0533	:A:B:C:D:D:E:C:F:K:G:H:H:H:F:I:J
Dv:0534	:A:B:C:D:D:E:C:F:K:G:H:B:C:D:D:E:C:F:K:G:F:I:J
Dv:0535	:A:B:C:D:D:E:C:F:K:G:H:Q:I:F:I:J
Dv:0539	:A:B:C:D:D:E:C:F:K:G:H:F:Q:H:I:J
Dv:0541	:A:B:C:D:D:E:C:F:K:G:H:F|v:Q:I:J
Dv:0425	:A:B:C:D:D:E:C:F:K:G:H:F:G:H:F:I:J
Dv:0430	:A:B:C:D:D:D:E:C:F:K:G:H:F:I:J
Dv:0432	:A:B:C:D:D:E:C:C:F:K:G:H:F:I:J
Dv:0433	:A:B:C:D:D:E:C:D:D:E:C:F:K:G:H:F:I:J
Dv:0436	:A:B:C:D:D:E:C:F:F:K:G:H:F:I:J
Dv:0438	:A:B:C:D:D:E:C:F:K:K:G:H:F:I:J
Dv:0440	:A:B:C:D:D:E:C:F:K:G:G:H:F:I:J
Dv:0441	:A:B:C:D:D:E:C:F:K:G:H:F:Q:G:H:F:I:J
Dv:0442	:A:B:C:D:D:E:C:F:K:G:U:H:F:I:J
Dv:0444	:A:B:C:D:D:E:C:F:K:G:H:H:F:I:J
Dv:0448	:A:B:C:D:D:E:C:F:K:G:H:F:F:I:J
Dv:0450	:A:B:C:D:D:E:C:F:K:G:H:F:Q:I:J
Dv:0451	:A:B:C:D:D:E:C:F:K:D:D:E:C:F:K:G:H:F:I:J
Dv:0468	:A:B:C:D:D:E:C:F:C:F:K:G:H:F:I:J
Dv:0475	:A:B:C:D:D:E:C:F:K:G:K:G:H:F:I:J
Dv:0478	:A:B:C:D:D:E:C:F:K:G:H:F:I|x:E:C:F:K:G:H:F:I:J
Dv:0508	:A:B:C:C:D:D:E:C:F:K:G:H:F:I:J
Dv:0510	:A:B:C:D:D|b:E:C:F:K:G:H:F:I:J
Dv:0512	:A:B:C:D:D:E:E:C:F:K:G:H:F:I:J
Dv:0513	:A:B:C:D:D:E:C:F:K:G:E:C:F:K:G:H:F:I:J
Dv:0517	:A:B:C:D:D:E:C:F:K:G:H:F:C:F:K:G:H:F:I:J
Dv:0522	:A:B:C:D:D:E:C:F:K:G:D:D:E:C:F:K:G:H:F:I:J
Dv:0526	:A:B:C:D:D:E:C:F:K:G:H:D:D:E:C:F:K:G:H:F:I:J
Dv:0537	:A:B:C:D:D:E:C:F:K:G:H:F:H:F:I:J
E	:A:B:C:D:H:F:I:J
L1	:A:B:C:D:G:H:F:I:J
L10	:A:C:D:D:E:C:F:G:H:F:I:J
L11	:A:B:C:D:D:E:C:F:G:H:I:J
L12	:A:B:C:D:D:C:C:C:F:G:H:F:J
L12v:0087	:A:B:C:D:D:C:C:C:F:G:G|k:H:F:J
L12v:0091	:A:B:C:D:D:C:C:C:F:G:H|d:Q:Q:J
L12v:0096	:A:B:C:D:D:C:C:C:F:G:F:F:G:F:F:G:H:F:J
L12v:0100	:A:B:C:D:D:C:C:C:F:G:K:H|g:H:F:J
L12v:0268	:A:B:C:D:D:C:C:C:F:H:F:G:H:F:J
L12v:0271	:A:B:C:D:D:C:C:C:F:G:H:F:F:G:H:F:H|d:J
L12v:0085	:A:B:C:D:C:D:D:C:C:C:F:G:H:F:J
L12v:0086	:A:B:C:D:D:C:C:C:F:G:H:F:F:G:H:F:J
L12v:0089	:A:B:C:D:D:C:C:C:F:G:H:G:H:F:J
L12v:0097	:A:B:C:D:D:C:D:D:C:C:C:F:G:H:F:J
L12v:0099	:A:B:C:D:D:C:C:C:C:C:C:F:G:H:F:J
L12v:0263	:A:B:C:D:D:C:C:C:F:G:H:F:G:H:F:J
L12v:0264	:A:B:C:D:D:C:C:D:D:C:C:C:F:G:H:F:J
L13	:A:B:C:D:D:E:C:F:G:H:Q:I:J
L14	:A:B:C:D:D:C:C:F:K:H:L:O:I:J
L14v:0290	:A:B:C:C:C|b:D:C:C:F:K:H:L:O:I:J
L14v:0291	:A:B:C:D:D:C:C:F:R:F:K:H:L:O:I:J
L14v:0293	:A:B:C:D:D:C:C:F:H:L:K:H:L:O:I:J
L14v:0294	:A:B:C:D:D:C:C:F:K:O:Q:F:L:O:I:J
L14v:0295	:A:B:C:D:D:C:C:F:K:H:C:F:K:O:I:J
L14v:0301	:A:B:C:D:D:C:C:F:K:H:L:H:I|9:I:J
L14v:0312	:A:B:C:D:D:C:C:F:K:H:L:H:L:H:O:I:J
L14v:0313	:A:B:C:D:D:C:C:F:K:H:L:L:E:L:O:I:J
L14v:0318	:A:B:C:D:D:C:D:D:C:H:C:F:K:H:L:O:I:J
L14v:0320	:A:B:C:D:D:C:C:F:K:K:C:F:K:H:L:O:I:J
L14v:0326	:A:B:C:D:D:C:C:F:K:H:L:O:I:L:L:O:I:J
L14v:0329	:A:B:C:D:D:C:C:F:K:H:H:K:K:H:H:L:O:I:J
L14v:0330	:A:B:C:D:D:C:C:F:K:H:L:L:E:C:F:K:O:I:J
L14v:0331	:A:B:C:F:K:H:L:O:Q:D:D:C:C:F:K:H:L:O:I:J
L14v:0332	:A:B:C:D:D:D|j|j|j:D:D:C:C:F:K:H:L:O:I:J
L14v:0333	:A:B:C:D:D:C:C:D:D:C:C:C:C:F:K:H:L:O:I:J
L14v:0334	:A:B:C:D:D:C:C:F:K:H:F:K|2:F:K:H:L:O:I:J
L14v:0335	:A:B:C:D:D:C:C:F:K:H:L:H:C:K:H:L:L:O:I:J
L14v:0338	:A:B:C:D:D:C:C:F:K:H:L:H:F:K:H:L:H:L:O:I:J
L14v:0339	:A:B:C:C:C:C:D:D:C:C:F:K:H:L:O:I:J
L14v:0351	:A:B:C:D:D:C:C:F:K:H:L|q:Q:I:J
L14v:0354	:A:B:C:D:C:C:C:D:D:C:C:F:K:H:L:O:I:J
L14v:0359	:A:B:C:D:D:C:C:F:K|g:L:K|g:L:H:L:O:I:J
L14v:0361	:A:B:C:D:D:C:C:F:K:H:L:H:K:H:L:H:K:H:L:H:I:J
L14v:0362	:A:B:C:D:D:R:D:C:C:F:K:H:L:O:I:J
L14v:0363	:A:B:C:D:D:C:C:C:F:F:K:H:L:O:I:J
L14v:0365	:A:B:C:D:D:C:C:F:K:H:L:E:E:O:I:J
L14v:0366	:A:B:C:D:D:C:C:F:K:H:L:O:H|A:I:J
L14v:0367	:A:B:C:D:D:C:C:F:K:H:L:O:I:I:I:J
L14v:0370	:A:B:C:D:D:C:R:C:F:K:H:L:O:I:J
L14v:0372	:A:B:C:D:D:C|j:C:F:K:H:L:O:I:J
L14v:0374	:A:B:C:D:D:C:C:F:H:K:H:L:O:I:J
L14v:0377	:A:B:C:D:D:C:C:F:K:H:L|C:I:J:J
L14v:0378	:A:B:C:D:D:C:C:F:K:H:L:H:C:F:K:O:I:J
L14v:0384	:A:B:C:D:D:D:D:C:D:D:C:C:F:K:H:L:O:I:J
L14v:0385	:A:B:C:D:D:C:C:F:K:L:C:R:L:C:F:K:H:L:O:I:J
L14v:0275	:A:B:C:D:D:C|6:I:J
L14v:0284	:A:B:C:D:D:C:C:F|7:I:J
L14v:0287	:A:B:C:D:D:C:C:F:K:O:I:J
L14v:0296	:A:B:C:D:D:C:C:F:K:H:K:H:L:O:I:J
L14v:0297	:A:B:C:D:D:C:C:F:K:H:L:H:L:O:I:J
L14v:0299	:A:B:C:D:D:C:C:F:K:H:L:O:L:O:I:J
L14v:0300	:A:B:D:D:C:C:F:K:H:L:O:I:J
L14v:0302	:A:B:C:D:C:C:F:K:H:L:O:I:J
L14v:0304	:A:B:C:D:D:C:F:K:H:L:O:I:J
L14v:0306	:A:B:C:D:D:C:C:F:K:L:O:I:J
L14v:0308	:A:B:C:D:D:C:C:F:K:H:O:I:J
L14v:0310	:A:B:C:D:D:C:C:F:K:C:F:K:H:L:O:I:J
L14v:0311	:A:B:C:D:D:C:C:F:K:H:L:K:H:L:O:I:J
L14v:0315	:A:B:C:D:D:C:C:F:K:H:L:O:Q:L:O:I:J
L14v:0319	:A:B:C:D:D:C:C:F:F:K:H:L:O:I:J
L14v:0321	:A:B:C:D:D:C:C:F:K:K:H:L:O:I:J
L14v:0322	:A:B:C:D:D:C:C:F:K:H:C:F:K:H:L:O:I:J
L14v:0323	:A:B:C:D:D:C:C:F:K:H:L:L:O:I:J
L14v:0324	:A:B:C:D:D:C:C:F:K:H:L:O:Q:H:L:O:I:J
L14v:0325	:A:B:C:D:D:C:C:F:K:H:L:H:O:I:J
L14v:0328	:A:B:C:D:D:C:C:F:K:H:C:C:F:K:H:L:O:I:J
L14v:0337	:A:B:C:D:D:C:C:F:K:H:D:D:C:C:F:K:H:L:O:I:J
L14v:0341	:A:B:C:D:D:C:C:F:K:H:L:O:H:L:O:I:J
L14v:0346	:A:B:C:D:D:D:C:C:F:K:H:L:O:I:J
L14v:0348	:A:B:C:D:D|b:C:C:F:K:H:L:O:I:J
L14v:0353	:A:B:C:D:D:C:C:F:K:H:L:O:Q:I:J
L14v:0364	:A:B:C:D:D:C:C:F:C:F:K:H:L:O:I:J
L14v:0371	:A:B:C:D:D:C:D:D:C:C:F:K:H:L:O:I:J
L14v:0386	:A:B:C:D:D:C:C:F:K:H:L:O:Q:O:I:J
L15	:A:B:C:D:D:C:C:F:K:H:L:H:I
L15v:0131	:A|u:C:C:D:D:C:C:F:K:H:L:H:I
L15v:0158	:A:B:C:D|j:D:D:C:C:F:K:H:L:H:I
L15v:0160	:A:B:C:D:D:C:C:F:K:H:F:H:L:H:I
L15v:0162	:A:B:C:D:D:C:C:F:K:H:L:N:E:H:I
L15v:0173	:A:B:C:D:D:C:C:F|g:H:F:K:H:L:H:I
L15v:0174	:A:B:C:D:D:C:C:F:K:L|k:L:H:L:H:I
L15v:0175	:A:B:C:D:D:C:C:F:K:H:L:F:L:F:H:I
L15v:0179	:A:B:C:D:D:C:C|h:H:F|y:F:K:H:L:H:I
L15v:0180	:A:B:C:D:D:C:C:F:K:H:F:L:H:E:L:H:I
L15v:0182	:A:B:C:D:R:D:D:D:C:D:D:C:C:F:K:H:L:H:I
L15v:0184	:A:B:C:D:D:C:C:F:K:H:C:C:F:K:H:H:L:H:I
L15v:0187	:A:B:C:D:D:C:C:F:K:H:F:K:H:L:F:K:H:L:H:I
L15v:0126	:A:B:C:F:K:H:L:H:I
L15v:0132	:A:B:C:C:F:K:H:L:H:I
L15v:0133	:A:B:C:R:D:D:C:C:F:K:H:L:H:I
L15v:0134	:A:B:C:D:D:D:C:C:F:K:H:L:H:I
L15v:0136	:A:B:C:D:D:C:C:C:F:K:H:L:H:I
L15v:0138	:A:B:C:D:D:C:C:F:K:H:L:H|v:I
L15v:0139	:A:B:C:C:C:F:K:H:L:H:I
L15v:0141	:A:B:C:D:D:C:C:F:L:H:I
L15v:0143	:A:B:C:D:D:C:C:F:K:H:I
L15v:0145	:A:B:C:D:D:C:C:F:K:H|r
L15v:0155	:A:C:D:D:C:C:F:K:H:L:H:I
L15v:0157	:A:B:C:D:C:C:F:K:H:L:H:I
L15v:0159	:A:B:C:D:R:C:F:K:H:L:H:I
L15v:0161	:A:B:C:D:D:C:F:K:H:L:H:I
L15v:0163	:A:B:C:D:D:C:C:F:H:L:H:I
L15v:0165	:A:B:C:D:D:C:C:F:K:L:H:I
L15v:0167	:A:B:C:D:D:C:C:F:K:H:H:I
L15v:0169	:A:B:C:D:D:C:C:F:K:H:L:I
L15v:0170	:A:B:C:D:D:C:C:F:K:H:L|q
L15v:0171	:A:B:C:D:D:C:D:D:C:C:F:K:H:L:H:I
L15v:0172	:A:B:C:D:D:C|b:D:C:C:F:K:H:L:H:I
L15v:0183	:A:B:C:D:D:C:C:F:K:H:D:C:C:F:K:H:L:H:I
L15v:0185	:A:B:C:D:D:C:C:F:K:H:L:H:C:F:K:H:L:H:I
L15v:0186	:A:B:C:D:D:C:C:F:K:H:D:D:C:C:F:K:H:L:H:I
L16	:A:B:C:D:R:C:F:K:H:L:H:I:J
L16v:0244	:A:B:C:D:R:C:F:K:K|4:K:H:L:H:I:J
L16v:0245	:A:B:C:D:D:C:R:C:F:K:H:L:H:I:J
L16v:0247	:A:B:C:D:R:C:F|g|k:H:H:L:H:I:J
L16v:0249	:A:B:C:D:R:C:F|g:H:L:H:L:H:I:J
L16v:0256	:A:B:C:D:R:L:C:D:R:C:F:K:H:L:H:I:J
L16v:0373	:A:B:C:D:R:C:F:K:C:C:F:K:H:L:H:I:J
L16v:0381	:A:B:C:D:R:C:C:C:F:K:H:L:H:I:J
L16v:0383	:A:B:C:D:R:C:F:K:H:H:H:L:H:I:J
L16v:0387	:A:B:C:D:R:C:F:K:H:L:H:R:R:D:R:C:F:K:H:L:H:I:J
L16v:0388	:A:B:C:D:D:R:D:R:C:F:K:H:L:H:I:J
L16v:0389	:A:B:C:D:R:C:F:K:H|D:K:H:L:H:I:J
L16v:0251	:A:B:C:D:R:C:F:K:H:L:H:I:H:I:J
L16v:0379	:A:B:C:D:C:D:R:C:F:K:H:L:H:I:J
L16v:0390	:A:B:C:D:R:C:F:K:H:L:H:H:L:H:I:J
L17	:A:B:C:D:D:K:C:C:F:K:H:L:H:I:J
L18	:A:B:D:D:S:C:F:K:H:L:O:I:J
L19	:A:B:C:D:D:C:C:F:K:H:L:H:Q:I:J
L2	:A:B:C:D:D:C:F:G:H:F:I:J
L20	:A:B:C:D:D:E:C:F:G:K:F:Q:J
L20v:0056	:A:B:C:D:D:E:E:E:C:F:G:K:F:Q:J
L20v:0057	:A:B:C:D:D:E:C:F:G|g:F:G:K:F:Q:J
L20v:0060	:A:B:C:D:D:E:C:F:G:K:F:G:K:Q:J
L20v:0062	:A:B:C:D:D:E:C:F:G:K:F:F:F:Q:J
L20v:0066	:A:B:C:D:D:E:C:F:G:E:C:F:G:F:G:K:F:Q:J
L20v:0058	:A:B:C:D:D:E:C:F:C:F:G:K:F:Q:J
L20v:0059	:A:B:C:D:D:E:C:F:G:K:F:Q:K:F:Q:J
L21	:A:B:C:D:D:E:E:C:F:G:H:F:I:J
L22	:A:B:C:D:D:E:C:F:G:H:H:F:I:J
L23	:A:B:C:D:D:E:C:F:F:H:F:Q:J
L24	:A:B:C:D:D:E:C:F:T:P:F:Q:J
L24v:0106	:A:B:C:D:E:D:D:E:C:F:T:P:F:Q:J
L24v:0108	:A:B:C:D:D|f:C:E:C:F:T:P:F:Q:J
L24v:0111	:A:B:C:D:R:R:R:D:D:E:C:F:T:P:F:Q:J
L24v:0118	:A:B:C:D:D:E:C:C:D:E:C:C:F:T:P:F:Q:J
L24v:0104	:A:B:C:D:D:E:C:F:T:P:F:T:P:F:Q:J
L24v:0110	:A:B:C:D:D:E:C:F:T:P:T:P:F:Q:J
L24v:0112	:A:B:C:D:D:E:C:F:T:P:F:Q:F:Q:J
L24v:0113	:A:B:C:D:D:E:C:D:D:E:C:F:T:P:F:Q:J
L24v:0115	:A:B:C:D:D:E:C:F:T:P:F:Q:T:P:F:Q:J
L27	:A:B:C:D:D:V:C:F:G:H:F:I:J
L27v:0067	:A:B:C:D:D:V:C:F:C:F:C:F:G:H:F:I:J
L27v:0070	:A:B:C:D:D:D:V:R:D:D:V:C:F:G:H:F:I:J
L27v:0074	:A:B:C:D:D:V:C:F:G:H|k|k:H|k|k:H:F:I:J
L27v:0078	:A:B:C:C:B:C:D:D:V:C:F:G:H:F:I:J
L27v:0079	:A:B:C:D:D|f:C:D:V:C:F:G:H:F:I:J
L27v:0072	:A:B:C:D:D:V:C:F:G:H:D:V:C:F:G:H:F:I:J
L27v:0077	:A:B:C:D:D:V:C:F:G:H:C:D:D:V:C:F:G:H:F:I:J
L27v:0080	:A:B:C:D:D:V:D:D:V:C:F:G:H:F:I:J
L3	:A:B:C:D:E:C:F:G:H:F:I:J
L4	:A:B:C:D:D:C:C:C:D:D:C:F:K:H:L:H:I:J
L5	:A:B:C:D:D:E:C:F:I:J
L6	:A:B:C:D:D:C:C:C:F:K:H:L:O:I:J
L7	:A:B:C:D:D:C:C:F:G:H:F:J
L8	:A:B:C:D:D:E:C:C:F:K:H:L:H:I:J
L9	:A:B:C:D:D:E:C:F:G:P:F:Q:J
M1	:A:B:C!A:D:C:C:F:G:H:F:I:J
M10	:A:B:C:D:D:E:C:F:G:H:F:Q:J
M11	:A:B:C:D:D:E:C:F:G:K:Q:J
M12	:A:B:C:D:D:C:C:C:D:D:C:F:K:H:L|F:H:I:J
M13	:A:B|b:D:D:C:C:C:F:K:H:L:O:I:J
M14	:A:B:C:D:D:C:C:C:F:K:H!F:H:I:J
M15	:A:B:C:D:D|b:D:D|b|b:C:F:G:H:F:I:J
M16	:A:B!G:D:D:E:C:F:G:H:H:F:I:J
M17	:A:B:C:D:D:D:C:C:F:G:H:F:J
M18	:A:B:C:D:D:C:C:F:K:H:L|g:I:J
M19	:A:B:C:D:D:E:C!H:G:H:F:I:J
M2	:A:B:C:R:D:E:C:F:G:H:F:I:J
M20	:A:B:C:C:C:F:G:H:F:I:J
M21	:A:B:C:D:D:E:C:D:E:C:F:G:H:H:F:I:J
M22	:A:B:C!A!I:C:C:F:G:H:F:I:J
M23	:A:B:C:D:D!J:C:F:G:H:F:I:J
M24	:A:B:C:D:D:E:C:F:G:H:F:I!K
M25	:A:B:C:D:D:C:C:F|g:H:H:I:J
M26	:A:B:C!L:D:E:C:F:G:H:F:I:J
M27	:A:B:C:D:D:E!M:F:G:H:F:I:J
M28	:A:B:C:D:D:E:C:F:K:H:L:O:I:J
M29	:A:B:C:D:D:C:C:F|g:H:L:H:I:J
M3	:A:B:C:D:E:C:F:G:H|d:J
M30	:A!N:C:D:D:E:C:F:G:K:F:Q:J
M31	:A:B:C:D:D:C:C:F:G:H:F|v:I:J
M32	:A:B:C|b:D:E:C:F:G:H:F:I:J
M4	:A:B:C:D:D:E:C:F:U:H:F:I:J
M5	:A:B:C!B:D:E:C:F:G:H:F:I:J
M6	:A:B:C:D:D!C:C:F:G:H:F:I:J
M7	:A:B:C:D|b:C:C:F:G:H:F:I:J
M8	:A:B:C:D:D:C:C:F:G!D:F:I:J
M9	:A:B:C:D:D:E:C:F:G:H:F!E:J
Rv:0063	:A:B:C:D:D:E:C:F:G:H|h:Q:G:K:F:I:J
Rv:0064	:A:B:C:D:D:E:C:F:G:H:F:K:F:I:J
Rv:0073	:A:B:C:D:D:V:E:E:C:F:G:H:F:I:J
Rv:0075	:A:B:C:D:D:E|j:V:C:F:G:H:F:I:J
Rv:0076	:A:B:C:D:V|b:D:E:C|b:D:V:C:F:G:H:F:I:J
Rv:0090	:A:B:C:D:D:C:C:C:C:D:N:C:F:G:H:F:I:J
Rv:0098	:A:B:C:D:D:C:F:G|k:D:D:C:E:C:F:G:H:F:I:J
Rv:0105	:A:B:C:D:D:E:C:F:T:P:F:Q:H:F:Q:J
Rv:0114	:A:B:C:D:D:E:C:F:G|m:G:H:F:I:J
Rv:0116	:A:B:C:D:D:E:C:F:G:P|m:H:F:I:J
Rv:0120	:A:B:C:D:D:E:C:F:G|o:G:G:F:G|k:F:T:P:F:I:J
Rv:0121	:A:B:C:D:D:E:E:E:C:F:G:E:D:E:E:C:F:T:P:F:Q:J
Rv:0140	:A:B:C:D:D:D:C:C:F:G:H:F:I:J
Rv:0142	:A:B:C:D:D:C:C:G:F:K:H:L:H:I
Rv:0144	:A:B:C:D:D:C:C:F:G:K:H:L:H:I
Rv:0146	:A:B:C:D:D:E:C:F:G:H:F:I|w:J
Rv:0147	:A:B:C:D:D:C:C:F:K:H:L:H|x:I
Rv:0164	:A:B:C:D:D:E:C:R:C:F:K:H:L:H:I
Rv:0176	:A:B:C:D:D:C:C:F:K:H:F:G:H:L:H:I
Rv:0188	:A:B:C:D|z:C:D|j|z:C:D:D:C:C:F:K:H:L:H:I
Rv:0248	:A:B:C:D:D:E:C:F:K:C:F:G:H:F:I:J
Rv:0250	:A:B:C:D:R:C:F:K:H:C:F:K:H:F:I:J
Rv:0255	:A:B:C:D:D:E:C:F:G:L:H:H:F:I:J
Rv:0258	:A:B:C:D:D:E:C:E:C:C:F:K:H:L:H:I:J
Rv:0266	:A:B:C:D:D:C:C:C:F:G:H:F:K:H:H:Q:J
Rv:0273	:A:B:C:D:D:C:C:C:F:G:H:G:H:G:G:H:L:H:I:J
Rv:0327	:A:B:C:D:D:C:C:F:K:H:L:O:L:H:L:H:I:J
Rv:0343	:A:B:C:D:D:C:C:F|s:F:F:K:H:L:O:I:J
Rv:0345	:A:B:C:D:D:C:C:F:K:H:K:K:G:L:O:I:J
Rv:0347	:A:B:C:D:D:E:C:F:G:H:F:O:K:L:O:I:J
Rv:0349	:A:B:C:D:D:E:C:F:G:H:F|B:Q:Q:O:I:J
Rv:0356	:A:B:C:D:D:C:C:F:G:K:H:L:O:I:J
Rv:0368	:A:B:C:D:D:C:C:F:G:H:K:H:L:O:I:J
Rv:0369	:A:B:C:D:D:E:C:F:K:F:F:G:H:F:I:J
Rv:0376	:A:B:C:D:R:C:F:K:H:L:O|E:L|F:H:I:J
Rv:0380	:A:B:C:D:D:C:C:R:D:R:C:F:K:H:L:H:I:J
Rv:0382	:A:B:C:D:D:C:C:F:K:H:L:O:Q:H:Q:H:I:J
Rv:0403	:A:B:C:D:D:E:C:F:G:H:H:L:F:I:J
Rv:0411	:A:B:C:D:D:C:C:F:K:H:C:F:K:H:H|s:L:H:I:J
Rv:0427	:A:B:C:D:D:E:C:F:K|g:H:F:G:H:F:I:J
Rv:0429	:A:B:C:D:D:E:C:F:G:H:G:K:G:H:F:I:J
Rv:0456	:A:B:C:D:D:E:C:F|s:K:G:H:F:I:J
Rv:0459	:A:B:C:D:D:E:C:F:G:G:G:Q:C:F:K:G:H:F:I:J
Rv:0461	:A:B:C:D:D:E:C:F:G:H:F:Q:F:C:K:G:H:F:I:J
Rv:0469	:A:B:C:D:D:E:C:F:G:H|b:D:E:C:F:K:G:H:F:I:J
Rv:0473	:A:B:C:D:D:E:C:F:G:C:D:D:D:E:C:F:K:G:H:F:I:J
Rv:0474	:A:B:C:D:D:E:C:F:G:H|2:D:D:E:C:F:K:G:H:F:I:J
Rv:0482	:A:B:C:D:D:E:C:F:K:G:H:F:I:G:F:G:H:F:G:H:F:I:J
Rv:0490	:A:B:C:D|4:F:G:H:F:I:J
Rv:0494	:A:B:C:D:D:E:C:F:G:K:F:K:G:H:F:I:J
Rv:0503	:A:B:C:D:D:E:C:F:G:K:E:C:F:G:H:F:I:J
Rv:0504	:A:B:C:D:D:E:C:F:G:H|k|2:K:G:H:F:I:J
Rv:0515	:A:B:C:D:D:E:C:F:G|g:F:I:F:Q|d:K:Q:I:J
Rv:0519	:A:B:C:D:D:E:C:F:G:H:G:H:G:G:K:G:H:F:I:J
Rv:0061	:A:B:C:D:D:E:C:F:G:H:F:G:K:F:Q:J
Rv:0068	:A:B:C:D:D:V:C:D:D:E:C:F:G:H:F:I:J
Rv:0093	:A:B:C:D:D:C|b:E:C:F:G:H:F:I:J
Rv:0148	:A:B:C:D:D:E:C:C:F:K:H:L:H:I
Rv:0149	:A:B:C:D:D:C:E:C:F:G:H:F:I:J
Rv:0150	:A:B:C:D:D:C:C:C:F:G:H:F:I:J
Rv:0166	:A:B:C:D:D:C:D:E:C:F:G:H:F:I:J
Rv:0181	:A:B:C:D:D:C:C:D:D:E:C:F:G:H:F:I:J
Rv:0246	:A:B:C:D:D:E:D:R:C:F:K:H:L:H:I:J
Rv:0253	:A:B:C:D:R:D:D:E:C:F:G:H:F:I:J
Rv:0257	:A:B:C:D:D:E:C:F:G:H:F:Q:H:I:J
Rv:0259	:A:B:C:D:R:C:F:D:D:E:C:F:G:H:F:I:J
Rv:0270	:A:B:C:D:D:C:C:C:F:G:H:L:H:I:J
Rv:0272	:A:B:C:D:D:C:C:F:K:H:L:H:Q:F:J
Rv:0350	:A:B:C:D:D:E:C:F:G:H:F:Q:H:L:O:I:J
Rv:0355	:A:B:C:D:D:C:C:F:K:H:L:H:F:G:H:F:I:J
Rv:0375	:A:B:C:D:D:C:C:D:R:C:F:K:H:L:H:I:J
Rv:0401	:A:B:C:D:D:C:C:E:C:F:G:H:F:I:J
Rv:0405	:A:B:C:D:D:C:C:F:K:H:L:H:F:I:J
Rv:0412	:A:B:C:D:D:C:C:F:E:C:F:G:H:F:I:J
Rv:0447	:A:B:C:D:D:E:C:F:K:G:H:E:C:F:G:H:F:I:J
Rv:0449	:A:B:C:D:D:E:C:F:K:G:H:F:C:F:G:H:F:I:J
Rv:0454	:A:B:C:D:D:E:C:F:Q:K:G:H:F:I:J
Rv:0457	:A:B:C:D:D:E:C:F:G:D:D:E:C:F:K:G:H:F:I:J
Rv:0458	:A:B:C:D:D:E:C:F:G:K:G:H:F:I:J
Rv:0460	:A:B:C:D:D:E:C:F:K:F:G:H:F:I:J
Rv:0480	:A:B:C:D:D:E:C:F:K:G:H:B:C:D:D:E:C:F:G:H:F:I:J
Rv:0481	:A:B:C:D:D:E:C:F:K:G:F:G:H:F:I:J
Rv:0542	:A:B:C:D:D:E:C:F:G:H:K:G:H:F:I:J
Uv:0289	:A:B:C:D:D:C:C:F:K:H|r|8
Uv:0452	:A:B:C:D:D:E:C:F|g|g:G:H:F:I:J
Uv:0488	:A:B:C:D:D:E:C:F:H:I:J
Uv:0292	:A:B:C:D:D:C:C:F:K:H:L:J
baudat_F	:A:B:C:D:D:E:C:C:F:M:J
baudat_H	:A:B:C:D:N:C:F:G:G:H:F:I:J
baudat_I	:A:B:C:D:D:C:C:F:K:H:L:H:H:H:I:J
