Jeffreys001	1KHLHIJ
Jeffreys002	ABBCDDCCFKHLHIJ
Jeffreys003	ABCCBCDDVCFGHFIJ
Jeffreys004	ABCCCCDDCCFKHLOIJ
Jeffreys005	ABCCCCDDECFGHFIJ
Jeffreys006	ABCCCFKHLHI
Jeffreys007	ABCCCbDCCFKHLOIJ
Jeffreys008	ABCCDDCCFKHLHIJ
Jeffreys009	ABCCDDECFGHFIJ
Jeffreys010	ABCCDDECFKGHFIJ
Jeffreys011	ABCCDDElCDDECFGHFIJ
Jeffreys012	ABCCFGHFIJ
Jeffreys013	ABCCFKHLHI
Jeffreys014	ABCCFKHLHIJ
Jeffreys015	ABCD4FGHFIJ
Jeffreys016	ABCDCCCDDCCFKHLOIJ
Jeffreys017	ABCDCCDCbDECFGHFIJ
Jeffreys018	ABCDCCFKHLHI
Jeffreys019	ABCDCCFKHLHIJ
Jeffreys020	ABCDCCFKHLOIJ
Jeffreys021	ABCDCDDCCCFGHFJ
Jeffreys022	ABCDCDDCCFKHLHIJ
Jeffreys023	ABCDCDDECDCDDECFGHFIJ
Jeffreys024	ABCDCDDECFGHFIJ
Jeffreys025	ABCDCDRCFKHLHIJ
Jeffreys026	ABCDDBb3BbDCCFKHLHIJ
Jeffreys027	ABCDDC6IJ
Jeffreys028	ABCDDCCCCCCFGHFJ
Jeffreys029	ABCDDCCCCDNCFGHFIJ
Jeffreys030	ABCDDCCCDDCDDCCFKHLHIJ
Jeffreys031	ABCDDCCCECFGHFIJ
Jeffreys032	ABCDDCCCFFKHLOIJ
Jeffreys033	ABCDDCCCFGCECFGHFIJ
Jeffreys034	ABCDDCCCFGFFGFFGHFJ
Jeffreys035	ABCDDCCCFGGkHFJ
Jeffreys036	ABCDDCCCFGHFFGHFHdJ
Jeffreys037	ABCDDCCCFGHFFGHFJ
Jeffreys038	ABCDDCCCFGHFGHFJ
Jeffreys039	ABCDDCCCFGHFIJ
Jeffreys040	ABCDDCCCFGHFJ
Jeffreys041	ABCDDCCCFGHFKHHQJ
Jeffreys042	ABCDDCCCFGHGHFJ
Jeffreys043	ABCDDCCCFGHGHGGHLHIJ
Jeffreys044	ABCDDCCCFGHLHIJ
Jeffreys045	ABCDDCCCFGHdQQJ
Jeffreys046	ABCDDCCCFGKHgHFJ
Jeffreys047	ABCDDCCCFHFGHFJ
Jeffreys048	ABCDDCCCFKHLHI
Jeffreys049	ABCDDCCCFKHLHIJ
Jeffreys050	ABCDDCCCFKHLOIJ
Jeffreys051	ABCDDCCCFKHRCFKHLHIJ
Jeffreys052	ABCDDCCDDCCCCFKHLOIJ
Jeffreys053	ABCDDCCDDCCCFGHFJ
Jeffreys054	ABCDDCCDDCCFKHLHIJ
Jeffreys055	ABCDDCCDDECFGHFIJ
Jeffreys056	ABCDDCCDRCFKHLHIJ
Jeffreys057	ABCDDCCECFGHFIJ
Jeffreys058	ABCDDCCF5DDCCDDCCKHLHIJ
Jeffreys059	ABCDDCCF7IJ
Jeffreys060	ABCDDCCFCFKHLOIJ
Jeffreys061	ABCDDCCFECFGHFIJ
Jeffreys062	ABCDDCCFFKHLHIJ
Jeffreys063	ABCDDCCFFKHLOIJ
Jeffreys064	ABCDDCCFGHKHLOIJ
Jeffreys065	ABCDDCCFGKHLHI
Jeffreys066	ABCDDCCFGKHLOIJ
Jeffreys067	ABCDDCCFHKHLOIJ
Jeffreys068	ABCDDCCFHLHI
Jeffreys069	ABCDDCCFHLHIJ
Jeffreys070	ABCDDCCFHLKHLOIJ
Jeffreys071	ABCDDCCFJ
Jeffreys072	ABCDDCCFK4L4LHIJ
Jeffreys073	ABCDDCCFKCCFKHLHIJ
Jeffreys074	ABCDDCCFKCFKHLOIJ
Jeffreys075	ABCDDCCFKH&LHIJ
Jeffreys076	ABCDDCCFKH2CHLHIJ
Jeffreys077	ABCDDCCFKHCCFKHHLHI
Jeffreys078	ABCDDCCFKHCCFKHLOIJ
Jeffreys079	ABCDDCCFKHCDDCCFKHLHIJ
Jeffreys080	ABCDDCCFKHCFFKHkLHIJ
Jeffreys081	ABCDDCCFKHCFKHHsLHIJ
Jeffreys082	ABCDDCCFKHCFKHLHIJ
Jeffreys083	ABCDDCCFKHCFKHLOIJ
Jeffreys084	ABCDDCCFKHCFKOIJ
Jeffreys085	ABCDDCCFKHCHLHIJ
Jeffreys086	ABCDDCCFKHCLHIJ
Jeffreys087	ABCDDCCFKHDCCFKHLHI
Jeffreys088	ABCDDCCFKHDDCCFKHLHI
Jeffreys089	ABCDDCCFKHDDCCFKHLOIJ
Jeffreys090	ABCDDCCFKHFGHLHI
Jeffreys091	ABCDDCCFKHFHLHI
Jeffreys092	ABCDDCCFKHFK2FKHLOIJ
Jeffreys093	ABCDDCCFKHFKHLFKHLHI
Jeffreys094	ABCDDCCFKHFLHELHI
Jeffreys095	ABCDDCCFKHFLHIJ
Jeffreys096	ABCDDCCFKHHI
Jeffreys097	ABCDDCCFKHHIJ
Jeffreys098	ABCDDCCFKHHKKHHLOIJ
Jeffreys099	ABCDDCCFKHHLHIJ
Jeffreys100	ABCDDCCFKHI
Jeffreys101	ABCDDCCFKHIJ
Jeffreys102	ABCDDCCFKHKHLOIJ
Jeffreys103	ABCDDCCFKHKKGLOIJ
Jeffreys104	ABCDDCCFKHKKHKHLHIJ
Jeffreys105	ABCDDCCFKHLEEOIJ
Jeffreys106	ABCDDCCFKHLFKHIJ
Jeffreys107	ABCDDCCFKHLFKHLHIJ
Jeffreys108	ABCDDCCFKHLFLFHI
Jeffreys109	ABCDDCCFKHLHCCIJ
Jeffreys110	ABCDDCCFKHLHCFKHKHLHIJ
Jeffreys111	ABCDDCCFKHLHCFKHLHI
Jeffreys112	ABCDDCCFKHLHCFKOIJ
Jeffreys113	ABCDDCCFKHLHCKHLLOIJ
Jeffreys114	ABCDDCCFKHLHFGHFIJ
Jeffreys115	ABCDDCCFKHLHFIJ
Jeffreys116	ABCDDCCFKHLHFKHLHLOIJ
Jeffreys117	ABCDDCCFKHLHHIJ
Jeffreys118	ABCDDCCFKHLHHLHIJ
Jeffreys119	ABCDDCCFKHLHI
Jeffreys120	ABCDDCCFKHLHI9IJ
Jeffreys121	ABCDDCCFKHLHIJ
Jeffreys122	ABCDDCCFKHLHIJJ
Jeffreys123	ABCDDCCFKHLHIdJ
Jeffreys124	ABCDDCCFKHLHIxIJ
Jeffreys125	ABCDDCCFKHLHI§FKHLHIJ
Jeffreys126	ABCDDCCFKHLHKHLHKHLHIJ
Jeffreys127	ABCDDCCFKHLHLHHIJ
Jeffreys128	ABCDDCCFKHLHLHIJ
Jeffreys129	ABCDDCCFKHLHLHOIJ
Jeffreys130	ABCDDCCFKHLHLIJ
Jeffreys131	ABCDDCCFKHLHLLHLLHIJ
Jeffreys132	ABCDDCCFKHLHLOIJ
Jeffreys133	ABCDDCCFKHLHLhIJ
Jeffreys134	ABCDDCCFKHLHLqJ
Jeffreys135	ABCDDCCFKHLHOIJ
Jeffreys136	ABCDDCCFKHLHQFJ
Jeffreys137	ABCDDCCFKHLHQHIJ
Jeffreys138	ABCDDCCFKHLHQIJ
Jeffreys139	ABCDDCCFKHLHQKHLHIJ
Jeffreys140	ABCDDCCFKHLHQLHIJ
Jeffreys141	ABCDDCCFKHLHQQHIJ
Jeffreys142	ABCDDCCFKHLHvI
Jeffreys143	ABCDDCCFKHLHxI
Jeffreys144	ABCDDCCFKHLI
Jeffreys145	ABCDDCCFKHLIJ
Jeffreys146	ABCDDCCFKHLJ
Jeffreys147	ABCDDCCFKHLKHEHIJ
Jeffreys148	ABCDDCCFKHLKHIJ
Jeffreys149	ABCDDCCFKHLKHLHIJ
Jeffreys150	ABCDDCCFKHLKHLHLqJ
Jeffreys151	ABCDDCCFKHLKHLOIJ
Jeffreys152	ABCDDCCFKHLKQvHLHdJ
Jeffreys153	ABCDDCCFKHLLECFKOIJ
Jeffreys154	ABCDDCCFKHLLELOIJ
Jeffreys155	ABCDDCCFKHLLHIJ
Jeffreys156	ABCDDCCFKHLLKHLHIJ
Jeffreys157	ABCDDCCFKHLLKHLLHIJ
Jeffreys158	ABCDDCCFKHLLLHIJ
Jeffreys159	ABCDDCCFKHLLOIJ
Jeffreys160	ABCDDCCFKHLNEHI
Jeffreys161	ABCDDCCFKHLOH!IJ
Jeffreys162	ABCDDCCFKHLOHLOIJ
Jeffreys163	ABCDDCCFKHLOIIIJ
Jeffreys164	ABCDDCCFKHLOIJ
Jeffreys165	ABCDDCCFKHLOILLOIJ
Jeffreys166	ABCDDCCFKHLOLHLHIJ
Jeffreys167	ABCDDCCFKHLOLOIJ
Jeffreys168	ABCDDCCFKHLOQHLOIJ
Jeffreys169	ABCDDCCFKHLOQHQHIJ
Jeffreys170	ABCDDCCFKHLOQIJ
Jeffreys171	ABCDDCCFKHLOQLOIJ
Jeffreys172	ABCDDCCFKHLOQOIJ
Jeffreys173	ABCDDCCFKHLgHLHIJ
Jeffreys174	ABCDDCCFKHLghIJ
Jeffreys175	ABCDDCCFKHLq
Jeffreys176	ABCDDCCFKHLqJ
Jeffreys177	ABCDDCCFKHLqLHCHIJ
Jeffreys178	ABCDDCCFKHLqQIJ
Jeffreys179	ABCDDCCFKHL£IJJ
Jeffreys180	ABCDDCCFKHOIJ
Jeffreys181	ABCDDCCFKHr
Jeffreys182	ABCDDCCFKHr8
Jeffreys183	ABCDDCCFKIJ
Jeffreys184	ABCDDCCFKJ
Jeffreys185	ABCDDCCFKKCFKHLOIJ
Jeffreys186	ABCDDCCFKKHLHIJ
Jeffreys187	ABCDDCCFKKHLOIJ
Jeffreys188	ABCDDCCFKKKFKFFKHLHIJ
Jeffreys189	ABCDDCCFKLCRLCFKHLOIJ
Jeffreys190	ABCDDCCFKLHI
Jeffreys191	ABCDDCCFKLHIJ
Jeffreys192	ABCDDCCFKLHLHIJ
Jeffreys193	ABCDDCCFKLOIJ
Jeffreys194	ABCDDCCFKLkLHLHI
Jeffreys195	ABCDDCCFKOIJ
Jeffreys196	ABCDDCCFKOQFLOIJ
Jeffreys197	ABCDDCCFKgLKgLHLOIJ
Jeffreys198	ABCDDCCFLHI
Jeffreys199	ABCDDCCFLHIJ
Jeffreys200	ABCDDCCFRFKHLOIJ
Jeffreys201	ABCDDCCFgHFKHLHI
Jeffreys202	ABCDDCCFsFFKHLOIJ
Jeffreys203	ABCDDCCGFKHLHI
Jeffreys204	ABCDDCCHIJ
Jeffreys205	ABCDDCCKHLHIJ
Jeffreys206	ABCDDCCLHIJ
Jeffreys207	ABCDDCCRDRCFKHLHIJ
Jeffreys208	ABCDDCCdJ
Jeffreys209	ABCDDCChHFyFKHLHI
Jeffreys210	ABCDDCDDCCCFGHFJ
Jeffreys211	ABCDDCDDCCFKHLHI
Jeffreys212	ABCDDCDDCCFKHLHIJ
Jeffreys213	ABCDDCDDCCFKHLOIJ
Jeffreys214	ABCDDCDDCHCFKHLOIJ
Jeffreys215	ABCDDCDDDCDDECFGHFIJ
Jeffreys216	ABCDDCDDECFGHFIJ
Jeffreys217	ABCDDCDDEEDDCDDECFGHFIJ
Jeffreys218	ABCDDCDDNCFGHFIJ
Jeffreys219	ABCDDCDECFGHFIJ
Jeffreys220	ABCDDCDRCFKHLHIJ
Jeffreys221	ABCDDCECFGHFIJ
Jeffreys222	ABCDDCFGHFIJ
Jeffreys223	ABCDDCFGkDDCECFGHFIJ
Jeffreys224	ABCDDCFKHLHI
Jeffreys225	ABCDDCFKHLHIJ
Jeffreys226	ABCDDCFKHLOIJ
Jeffreys227	ABCDDCLHIJ
Jeffreys228	ABCDDCRCFKHLHIJ
Jeffreys229	ABCDDCRCFKHLOIJ
Jeffreys230	ABCDDCbCCFKHLHIJ
Jeffreys231	ABCDDCbDCCFKHLHI
Jeffreys232	ABCDDCbECFGHFIJ
Jeffreys233	ABCDDCbRDDECFGHFIJ
Jeffreys234	ABCDDCjCCFKHLHIJ
Jeffreys235	ABCDDCjCFKHLOIJ
Jeffreys236	ABCDDDCCFGHFIJ
Jeffreys237	ABCDDDCCFKHLHI
Jeffreys238	ABCDDDCCFKHLHIJ
Jeffreys239	ABCDDDCCFKHLOIJ
Jeffreys240	ABCDDDCDDECFGHFIJ
Jeffreys241	ABCDDDDCCFKHLHIJ
Jeffreys242	ABCDDDDCDDCCFKHLOIJ
Jeffreys243	ABCDDDDDCCFKHLHIJ
Jeffreys244	ABCDDDDECFGHFIJ
Jeffreys245	ABCDDDECFGHFIJ
Jeffreys246	ABCDDDECFKGHFIJ
Jeffreys247	ABCDDDFKHLHIJ
Jeffreys248	ABCDDDRCCFKHLHIJ
Jeffreys249	ABCDDDRCbDRCFKHLHIJ
Jeffreys250	ABCDDDRDDCCFKHLHIJ
Jeffreys251	ABCDDDVRDDVCFGHFIJ
Jeffreys252	ABCDDDjDDECFKGHFIJ
Jeffreys253	ABCDDDjjjDDCCFKHLOIJ
Jeffreys254	ABCDDECCCFGHFIJ
Jeffreys255	ABCDDECCDECCFTPFQJ
Jeffreys256	ABCDDECCDECFGHFIJ
Jeffreys257	ABCDDECCFGHFIJ
Jeffreys258	ABCDDECCFKGHFIJ
Jeffreys259	ABCDDECCFKHLHI
Jeffreys260	ABCDDECDDECFGHFIJ
Jeffreys261	ABCDDECDDECFKGHFIJ
Jeffreys262	ABCDDECDDECFTPFQJ
Jeffreys263	ABCDDECDgKGHFIJ
Jeffreys264	ABCDDECECCFKHLHIJ
Jeffreys265	ABCDDECECFGHFIJ
Jeffreys266	ABCDDECFCFGKFQJ
Jeffreys267	ABCDDECFCFKGHFIJ
Jeffreys268	ABCDDECFDCFKGHFIJ
Jeffreys269	ABCDDECFDDDECFGHFIJ
Jeffreys270	ABCDDECFDECFGHFIJ
Jeffreys271	ABCDDECFEECFGHFIJ
Jeffreys272	ABCDDECFFGHFIJ
Jeffreys273	ABCDDECFFIJ
Jeffreys274	ABCDDECFFKGHFIJ
Jeffreys275	ABCDDECFGCDDDECFKGHFIJ
Jeffreys276	ABCDDECFGCFGHFIJ
Jeffreys277	ABCDDECFGCFHFIJ
Jeffreys278	ABCDDECFGDDECFKGHFIJ
Jeffreys279	ABCDDECFGECFGFGKFQJ
Jeffreys280	ABCDDECFGFGFKGHFIJ
Jeffreys281	ABCDDECFGFGHFIJ
Jeffreys282	ABCDDECFGFHFIJ
Jeffreys283	ABCDDECFGFIJ
Jeffreys284	ABCDDECFGGECFGHFIJ
Jeffreys285	ABCDDECFGGGHFIJ
Jeffreys286	ABCDDECFGGGQCFKGHFIJ
Jeffreys287	ABCDDECFGGHFIJ
Jeffreys288	ABCDDECFGH2DDECFKGHFIJ
Jeffreys289	ABCDDECFGHDDECFHDDECFIJ
Jeffreys290	ABCDDECFGHDECFDECFGHFIJ
Jeffreys291	ABCDDECFGHF@QQOIJ
Jeffreys292	ABCDDECFGHFCFGHFFIJ
Jeffreys293	ABCDDECFGHFFIJ
Jeffreys294	ABCDDECFGHFGHFIJ
Jeffreys295	ABCDDECFGHFGKFIJ
Jeffreys296	ABCDDECFGHFGKFQJ
Jeffreys297	ABCDDECFGHFHFGFIJ
Jeffreys298	ABCDDECFGHFHFIJ
Jeffreys299	ABCDDECFGHFHdJ
Jeffreys300	ABCDDECFGHFHkIJ
Jeffreys301	ABCDDECFGHFI
Jeffreys302	ABCDDECFGHFIHFHFIJ
Jeffreys303	ABCDDECFGHFIHFIHFIJ
Jeffreys304	ABCDDECFGHFIJ
Jeffreys305	ABCDDECFGHFIJJ
Jeffreys306	ABCDDECFGHFIJgGHIJ
Jeffreys307	ABCDDECFGHFIQFGHFIJ
Jeffreys308	ABCDDECFGHFIQIJ
Jeffreys309	ABCDDECFGHFIdJ
Jeffreys310	ABCDDECFGHFIwJ
Jeffreys311	ABCDDECFGHFIxHFIJ
Jeffreys312	ABCDDECFGHFJ
Jeffreys313	ABCDDECFGHFKFIJ
Jeffreys314	ABCDDECFGHFOKLOIJ
Jeffreys315	ABCDDECFGHFQFCKGHFIJ
Jeffreys316	ABCDDECFGHFQFFGHFIJ
Jeffreys317	ABCDDECFGHFQFIJ
Jeffreys318	ABCDDECFGHFQFQIJ
Jeffreys319	ABCDDECFGHFQGHFIJ
Jeffreys320	ABCDDECFGHFQGHFQFIJ
Jeffreys321	ABCDDECFGHFQHFIJ
Jeffreys322	ABCDDECFGHFQHIJ
Jeffreys323	ABCDDECFGHFQHLOIJ
Jeffreys324	ABCDDECFGHFQIJ
Jeffreys325	ABCDDECFGHFQQHF*IJ
Jeffreys326	ABCDDECFGHFQQIJ
Jeffreys327	ABCDDECFGHFQvIJ
Jeffreys328	ABCDDECFGHFdDCFDECFGHFIJ
Jeffreys329	ABCDDECFGHGHFIJ
Jeffreys330	ABCDDECFGHGHGGKGHFIJ
Jeffreys331	ABCDDECFGHGKGHFIJ
Jeffreys332	ABCDDECFGHHFIJ
Jeffreys333	ABCDDECFGHHFQHFIJ
Jeffreys334	ABCDDECFGHHGHGHHFIJ
Jeffreys335	ABCDDECFGHHLFIJ
Jeffreys336	ABCDDECFGHIJ
Jeffreys337	ABCDDECFGHKGHFIJ
Jeffreys338	ABCDDECFGHbDECFKGHFIJ
Jeffreys339	ABCDDECFGHd
Jeffreys340	ABCDDECFGHdJ
Jeffreys341	ABCDDECFGHhDDECFGHFGHFIJ
Jeffreys342	ABCDDECFGHhDDECFGHFIJ
Jeffreys343	ABCDDECFGHhQGKFIJ
Jeffreys344	ABCDDECFGHk2KGHFIJ
Jeffreys345	ABCDDECFGHkFFIJ
Jeffreys346	ABCDDECFGIJ
Jeffreys347	ABCDDECFGKECFGHFIJ
Jeffreys348	ABCDDECFGKFFFQJ
Jeffreys349	ABCDDECFGKFGKQJ
Jeffreys350	ABCDDECFGKFKGHFIJ
Jeffreys351	ABCDDECFGKFQJ
Jeffreys352	ABCDDECFGKFQKFQJ
Jeffreys353	ABCDDECFGKGHFIJ
Jeffreys354	ABCDDECFGLHHFIJ
Jeffreys355	ABCDDECFGPmHFIJ
Jeffreys356	ABCDDECFGgFGKFQJ
Jeffreys357	ABCDDECFGgFIFQdKQIJ
Jeffreys358	ABCDDECFGggKGHFIJ
Jeffreys359	ABCDDECFGkCFGHFIJ
Jeffreys360	ABCDDECFGmGHFIJ
Jeffreys361	ABCDDECFGoGGFGkFTPFIJ
Jeffreys362	ABCDDECFGq
Jeffreys363	ABCDDECFGqJ
Jeffreys364	ABCDDECFHECFFGHFIJ
Jeffreys365	ABCDDECFHFIJ
Jeffreys366	ABCDDECFHIJ
Jeffreys367	ABCDDECFHqCHHHHCKGHFIJ
Jeffreys368	ABCDDECFIJ
Jeffreys369	ABCDDECFKCFGHFIJ
Jeffreys370	ABCDDECFKDDECFKGHFIJ
Jeffreys371	ABCDDECFKFFGHFIJ
Jeffreys372	ABCDDECFKFGHFIJ
Jeffreys373	ABCDDECFKG:FKGHFIJ
Jeffreys374	ABCDDECFKGDDECFKGHFIJ
Jeffreys375	ABCDDECFKGECFKGHFIJ
Jeffreys376	ABCDDECFKGFDECFKGHFIJ
Jeffreys377	ABCDDECFKGFFHFIJ
Jeffreys378	ABCDDECFKGFHFHFIJ
Jeffreys379	ABCDDECFKGGHFIJ
Jeffreys380	ABCDDECFKGHBCDDECFGHFIJ
Jeffreys381	ABCDDECFKGHBCDDECFKGFIJ
Jeffreys382	ABCDDECFKGHDDECFKGHFIJ
Jeffreys383	ABCDDECFKGHECFGHFIJ
Jeffreys384	ABCDDECFKGHFCFGHFIJ
Jeffreys385	ABCDDECFKGHFCFKGHFIJ
Jeffreys386	ABCDDECFKGHFFIJ
Jeffreys387	ABCDDECFKGHFGHFGHFIJ
Jeffreys388	ABCDDECFKGHFGHFIJ
Jeffreys389	ABCDDECFKGHFHFIJ
Jeffreys390	ABCDDECFKGHFIJ
Jeffreys391	ABCDDECFKGHFIKKGHFIJ
Jeffreys392	ABCDDECFKGHFIxECFKGHFIJ
Jeffreys393	ABCDDECFKGHFQFFKGHFIJ
Jeffreys394	ABCDDECFKGHFQFQFIJ
Jeffreys395	ABCDDECFKGHFQGHFIJ
Jeffreys396	ABCDDECFKGHFQIJ
Jeffreys397	ABCDDECFKGHFQgGHFIJ
Jeffreys398	ABCDDECFKGHFvQIJ
Jeffreys399	ABCDDECFKGHGGHKHFIJ
Jeffreys400	ABCDDECFKGHGKGHFIJ
Jeffreys401	ABCDDECFKGHHFIJ
Jeffreys402	ABCDDECFKGHHHFIJ
Jeffreys403	ABCDDECFKGHKFIJ
Jeffreys404	ABCDDECFKGHQHFIJ
Jeffreys405	ABCDDECFKGHQIFIJ
Jeffreys406	ABCDDECFKGHdFFCFKGHFIJ
Jeffreys407	ABCDDECFKGHdGHFIJ
Jeffreys408	ABCDDECFKGHgFIJ
Jeffreys409	ABCDDECFKGHhhhFIJ
Jeffreys410	ABCDDECFKGKFHFIJ
Jeffreys411	ABCDDECFKGKGHFIJ
Jeffreys412	ABCDDECFKGUHFIJ
Jeffreys413	ABCDDECFKGkgkCKGHFIJ
Jeffreys414	ABCDDECFKHFGHFIJ
Jeffreys415	ABCDDECFKHFKFKGFKGHFIJ
Jeffreys416	ABCDDECFKKGHFIJ
Jeffreys417	ABCDDECFKgHFGHFIJ
Jeffreys418	ABCDDECFKgIJ
Jeffreys419	ABCDDECFKsCDDECgGHFIJ
Jeffreys420	ABCDDECFQKGHFIJ
Jeffreys421	ABCDDECFRFGHFIJ
Jeffreys422	ABCDDECFTPFQFQJ
Jeffreys423	ABCDDECFTPFQHFQJ
Jeffreys424	ABCDDECFTPFQJ
Jeffreys425	ABCDDECFTPFQTPFQJ
Jeffreys426	ABCDDECFTPFTPFQJ
Jeffreys427	ABCDDECFTPTPFQJ
Jeffreys428	ABCDDECFaJ
Jeffreys429	ABCDDECFbDECGHFIJ
Jeffreys430	ABCDDECFgFKGHFIJ
Jeffreys431	ABCDDECFgGHFKGHFIJ
Jeffreys432	ABCDDECFggGHFIJ
Jeffreys433	ABCDDECFgghGHFIJ
Jeffreys434	ABCDDECFsFIJ
Jeffreys435	ABCDDECFsGssGHFIJ
Jeffreys436	ABCDDECFsKGHFIJ
Jeffreys437	ABCDDECGHFIJ
Jeffreys438	ABCDDECHFIJ
Jeffreys439	ABCDDECRCFKHLHI
Jeffreys440	ABCDDECbCDDEgGHFIJ
Jeffreys441	ABCDDECdKKGHFIJ
Jeffreys442	ABCDDECeECFKGHFIJ
Jeffreys443	ABCDDEChFFGHEChFFGHFIJ
Jeffreys444	ABCDDEC±DDECFKGHFIJ
Jeffreys445	ABCDDEDDCFGHFIJ
Jeffreys446	ABCDDEDDECFGHFIJ
Jeffreys447	ABCDDEDDfDECFGHFIJ
Jeffreys448	ABCDDEDECFGHFIJ
Jeffreys449	ABCDDEDRCFKHLHIJ
Jeffreys450	ABCDDEECFGHFIJ
Jeffreys451	ABCDDEECFKGHFIJ
Jeffreys452	ABCDDEEDDCCFGHFIJ
Jeffreys453	ABCDDEEECFGEDEECFTPFQJ
Jeffreys454	ABCDDEEECFGKFQJ
Jeffreys455	ABCDDEEFIJ
Jeffreys456	ABCDDEFGDCFGHFIJ
Jeffreys457	ABCDDEFGFFCFGHFIJ
Jeffreys458	ABCDDEFGHFIJ
Jeffreys459	ABCDDEFIJ
Jeffreys460	ABCDDEGHFIJ
Jeffreys461	ABCDDEbECFGHFIJ
Jeffreys462	ABCDDEbEFGHFIJ
Jeffreys463	ABCDDEbFGHFIFFFGHFIJ
Jeffreys464	ABCDDEbbECFGHFIJ
Jeffreys465	ABCDDEbbEbDECFGHFIJ
Jeffreys466	ABCDDEiiCDDECFGHFIJ
Jeffreys467	ABCDDEjVCFGHFIJ
Jeffreys468	ABCDDEpJ
Jeffreys469	ABCDDFECUGHFIJ
Jeffreys470	ABCDDFGHFIJ
Jeffreys471	ABCDDFKHLHIJ
Jeffreys472	ABCDDRDCCFKHLOIJ
Jeffreys473	ABCDDRDRCFKHLHIJ
Jeffreys474	ABCDDVCDDECFGHFIJ
Jeffreys475	ABCDDVCFCFCFGHFIJ
Jeffreys476	ABCDDVCFGHCDDVCFGHFIJ
Jeffreys477	ABCDDVCFGHDVCFGHFIJ
Jeffreys478	ABCDDVCFGHFIJ
Jeffreys479	ABCDDVCFGHkkHkkHFIJ
Jeffreys480	ABCDDVDDVCFGHFIJ
Jeffreys481	ABCDDVEECFGHFIJ
Jeffreys482	ABCDDbCCFKHLOIJ
Jeffreys483	ABCDDbDECFGHFIJ
Jeffreys484	ABCDDbECFGHFIJ
Jeffreys485	ABCDDbECFKGHFIJ
Jeffreys486	ABCDDbRCFKHLHIJ
Jeffreys487	ABCDDfCDVCFGHFIJ
Jeffreys488	ABCDDfCECFTPFQJ
Jeffreys489	ABCDDfDECFGHFIJ
Jeffreys490	ABCDDfECFGHFIJ
Jeffreys491	ABCDECFGHFIJ
Jeffreys492	ABCDEDDECFTPFQJ
Jeffreys493	ABCDFCFGHFIJ
Jeffreys494	ABCDFGHFIJ
Jeffreys495	ABCDGHFIJ
Jeffreys496	ABCDHFIJ
Jeffreys497	ABCDNCFGHFIJ
Jeffreys498	ABCDRCCCFKHLHIJ
Jeffreys499	ABCDRCCDCCFKHLHIJ
Jeffreys500	ABCDRCFDDECFGHFIJ
Jeffreys501	ABCDRCFKCCFKHLHIJ
Jeffreys502	ABCDRCFKH$KHLHIJ
Jeffreys503	ABCDRCFKHCFKHFIJ
Jeffreys504	ABCDRCFKHHHLHIJ
Jeffreys505	ABCDRCFKHLHHLHIJ
Jeffreys506	ABCDRCFKHLHI
Jeffreys507	ABCDRCFKHLHIHIJ
Jeffreys508	ABCDRCFKHLHIJ
Jeffreys509	ABCDRCFKHLHRRDRCFKHLHIJ
Jeffreys510	ABCDRCFKHLO%L&HIJ
Jeffreys511	ABCDRCFKK4KHLHIJ
Jeffreys512	ABCDRCFgHLHLHIJ
Jeffreys513	ABCDRCFgkHHLHIJ
Jeffreys514	ABCDRCLHIJ
Jeffreys515	ABCDRDDCCFKHLHIJ
Jeffreys516	ABCDRDDDCCFKHLHIJ
Jeffreys517	ABCDRDDDCDDCCFKHLHI
Jeffreys518	ABCDRDDECFGHFIJ
Jeffreys519	ABCDRLCDRCFKHLHIJ
Jeffreys520	ABCDRRRDDECFTPFQJ
Jeffreys521	ABCDRiCDDECFGHFIJ
Jeffreys522	ABCDVbDECbDVCFGHFIJ
Jeffreys523	ABCDbDDECFGHFIJ
Jeffreys524	ABCDjDDCCFKHLHI
Jeffreys525	ABCDnlCDDECFGHFIJ
Jeffreys526	ABCDzCDjzCDDCCFKHLHI
Jeffreys527	ABCECFGHFIJ
Jeffreys528	ABCEDDDDECFDDECFGHFIJ
Jeffreys529	ABCFGHFIJ
Jeffreys530	ABCFKHLHI
Jeffreys531	ABCFKHLHIJ
Jeffreys532	ABCFKHLOQDDCCFKHLOIJ
Jeffreys533	ABCHFIJ
Jeffreys534	ABCKHLHIJ
Jeffreys535	ABCRDDCCCFKHLHIJ
Jeffreys536	ABCRDDCCFKHLHI
Jeffreys537	ABCbCDDECFGHFIJ
Jeffreys538	ABCbDDDDCCFKHLHIJ
Jeffreys539	ABCjRDDECFGHFIJ
Jeffreys540	ABCjbjCDDCCFKHLHIJ
Jeffreys541	ABDDCCFKHLHIJ
Jeffreys542	ABDDCCFKHLOIJ
Jeffreys543	ABDDCDDECFGHFIJ
Jeffreys544	ABDDECFGHFIJ
Jeffreys545	ABECFGHFIJ
Jeffreys546	ABGHFIJ
Jeffreys547	ABbCDCDCDDECFGHFIJ
Jeffreys548	ABbDECFGHFIJ
Jeffreys549	ABbECFGHFIJ
Jeffreys550	ABeCDDECFGHFIJ
Jeffreys551	ABtRDDECFGHFIJ
Jeffreys552	ACDDCCFKHLHI
Jeffreys553	ACDDECFGHFIJ
Jeffreys554	ADDECFGHFIJ
Jeffreys555	AFGHFIJ
Jeffreys556	AcCFGHFIJ
Jeffreys557	AcCFKHLHIJ
Jeffreys558	AcDDECFGHFIJ
Jeffreys559	AuCCDDCCFKHLHI
