alleva-2021	A	:A:B:C:D:D:E:C:F:G:H:F:I:J
alleva-2021	Av:0020	:A:B|e:C:D:D:E:C:F:G:H:F:I:J
alleva-2021	Av:0027	:A:B:C:D:D:F:E:C:U:G:H:F:I:J
alleva-2021	Av:0029	:A:B:C:D:D:E|b:E:F:G:H:F:I:J
alleva-2021	Av:0035	:A:B:C:D:D:E:C:F:G:H:F:H|d:J
alleva-2021	Av:0041	:A:B:C:D:D:E:C:F:G:G:G:H:F:I:J
alleva-2021	Av:0043	:A:B:C:D:F:C:F:G:H:F:I:J
alleva-2021	Av:0047	:A:B:C:D:D:E:D:D|f:D:E:C:F:G:H:F:I:J
alleva-2021	Av:0048	:A:B:C:D:D:E:C:F:G:H:F:I:H:F:H:F:I:J
alleva-2021	Av:0049	:A:B:C:D:D:E:C:F:D:D:D:E:C:F:G:H:F:I:J
alleva-2021	Av:0050	:A:B:C:D:D:E:C:F:G:H:F:Q:G:H:F:Q:F:I:J
alleva-2021	Av:0051	:A:B:C:D:D:E:C:F:G:H:F:I:H:F:I:H:F:I:J
alleva-2021	Av:0052	:A:B:C:D:D:C:D:D:D:C:D:D:E:C:F:G:H:F:I:J
alleva-2021	Av:0065	:A:B:C:D:D:E|i|i:C:D:D:E:C:F:G:H:F:I:J
alleva-2021	Av:0071	:A:B:C:D:D:E:C:F:R:F:G:H:F:I:J
alleva-2021	Av:0081	:A:B:D:D:C:D:D:E:C:F:G:H:F:I:J
alleva-2021	Av:0082	:A:B:C:D:D:E:C:C:D:E:C:F:G:H:F:I:J
alleva-2021	Av:0083	:A:B:C:D:D:E:C:F:G:H:F:H|k:I:J
alleva-2021	Av:0084	:A:B:C:D:D:E:C:F|b:D:E:C:G:H:F:I:J
alleva-2021	Av:0088	:A:B:C:D:D:C|b:R:D:D:E:C:F:G:H:F:I:J
alleva-2021	Av:0092	:A:B:C:C:D:D:E|l:C:D:D:E:C:F:G:H:F:I:J
alleva-2021	Av:0094	:A:B:C:D:D:E|b|b:E|b:D:E:C:F:G:H:F:I:J
alleva-2021	Av:0095	:A:B:C:D:D:E:C:F:G:H:F:G:K:F:I:J
alleva-2021	Av:0107	:A:B:C:D|n|l:C:D:D:E:C:F:G:H:F:I:J
alleva-2021	Av:0117	:A:B:C:D:C:C:D:C|b:D:E:C:F:G:H:F:I:J
alleva-2021	Av:0119	:A:B:C:D:D:E|b:F:G:H:F:I:F:F:F:G:H:F:I:J
alleva-2021	Av:0123	:A:B|t:R:D:D:E:C:F:G:H:F:I:J
alleva-2021	Av:0129	:A:B:C:D:D:E:C:F:G:F:H:F:I:J
alleva-2021	Av:0152	:A:B:C|b:C:D:D:E:C:F:G:H:F:I:J
alleva-2021	Av:0154	:A:B:C:D:D:E:D:D:C:F:G:H:F:I:J
alleva-2021	Av:0156	:A:B:C:D:D:E:C:C:C:F:G:H:F:I:J
alleva-2021	Av:0168	:A:B:C:D:D:C:D:D:N:C:F:G:H:F:I:J
alleva-2021	Av:0177	:A:B:C:D:D:E:E:D:D:C:C:F:G:H:F:I:J
alleva-2021	Av:0178	:A:B:C:D:D:E:F:G:F:F:C:F:G:H:F:I:J
alleva-2021	Av:0242	:A:B:C:D:D:C:C:C:E:C:F:G:H:F:I:J
alleva-2021	Av:0243	:A:B:C:D:D:E:C:F:G:H:F:Q:Q:I:J
alleva-2021	Av:0252	:A:B:C:D:D:D:C:D:D:E:C:F:G:H:F:I:J
alleva-2021	Av:0342	:A:B:C:D:D:E:C:F:G:C:F:H:F:I:J
alleva-2021	Av:0344	:A:B:C:D:D:E:C:F:G:H|k:F:F:I:J
alleva-2021	Av:0352	:A:B:C:D:D:E:C:F:H:E:C:F:F:G:H:F:I:J
alleva-2021	Av:0357	:A:B:C:D:D:C:C:C:F:G:C:E:C:F:G:H:F:I:J
alleva-2021	Av:0358	:A:B:C:C:C:C:D:D:E:C:F:G:H:F:I:J
alleva-2021	Av:0392	:A:B:C:D:R|i:C:D:D:E:C:F:G:H:F:I:J
alleva-2021	Av:0400	:A:B|b:C:D:C:D:C:D:D:E:C:F:G:H:F:I:J
alleva-2021	Av:0418	:A:B:C|j:R:D:D:E:C:F:G:H:F:I:J
alleva-2021	Av:0419	:A:B:C:D:D:E:C:F:E:E:C:F:G:H:F:I:J
alleva-2021	Av:0420	:A:B:C:D:D:E:C:F|s:G|s|s:G:H:F:I:J
alleva-2021	Av:0428	:A:B:C:D:D:E:C:F:G:H:F:I:Q:I:J
alleva-2021	Av:0443	:A:B:C:D:D:E:C:F:G:H:F:Q:F:F:G:H:F:I:J
alleva-2021	Av:0462	:A:B:C:D:D:E|b|b:E:C:F:G:H:F:I:J
alleva-2021	Av:0463	:A:B:C:D:C:D:D:E:C:D:C:D:D:E:C:F:G:H:F:I:J
alleva-2021	Av:0464	:A:B:C:D:D:E:C:F:G:H|h:D:D:E:C:F:G:H:F:I:J
alleva-2021	Av:0466	:A:B:C:D:D:E:C:F:G:H:F:Q:F:Q:I:J
alleva-2021	Av:0476	:A:B:C:D:D:E:C:F:G:H:D:E:C:F:D:E:C:F:G:H:F:I:J
alleva-2021	Av:0484	:A:B:C:D:D:E:C:F:G|k:C:F:G:H:F:I:J
alleva-2021	Av:0485	:A:B:C:D:D:E:C:F:G:H:H:F:Q:H:F:I:J
alleva-2021	Av:0487	:A:B:C:D:D:E:C:F:G:H:F:H:F:G:F:I:J
alleva-2021	Av:0495	:A:B:C:D:D:E:C|b:C:D:D:E|g:G:H:F:I:J
alleva-2021	Av:0496	:A:B:C:D:D:E:C:F:G:G:E:C:F:G:H:F:I:J
alleva-2021	Av:0498	:A:B:C:D:D:E:C:F:G:H:F:Q:Q:H:F|H:I:J
alleva-2021	Av:0499	:A:B:C:D:D:E:C:F:G:H:F:I:J|g:G:H:I:J
alleva-2021	Av:0501	:A:B:C:D|b:D:D:E:C:F:G:H:F:I:J
alleva-2021	Av:0505	:A:B:C:D:D:E:C:F:G:H:H:G:H:G:H:H:F:I:J
alleva-2021	Av:0506	:A:B:C:D:D:E:C:F:G:H:F:Q|v:I:J
alleva-2021	Av:0507	:A:B:C:D:D:E:C:F:G:H:F:C:F:G:H:F:F:I:J
alleva-2021	Av:0509	:A:B:C:D:D:E:C:F:G:H:F:I:Q:F:G:H:F:I:J
alleva-2021	Av:0520	:A:B:C:E:D:D:D:D:E:C:F:D:D:E:C:F:G:H:F:I:J
alleva-2021	Av:0524	:A:B:C:D:D:E:C|h:F:F:G:H:E:C|h:F:F:G:H:F:I:J
alleva-2021	Av:0527	:A:B:C:D:D:E:F:G:D:C:F:G:H:F:I:J
alleva-2021	Av:0529	:A:B:C:D:D:E:C:F|g|g|h:G:H:F:I:J
alleva-2021	Av:0530	:A:B:C:D:D:C:D:D:E:E:D:D:C:D:D:E:C:F:G:H:F:I:J
alleva-2021	Av:0532	:A:B:C:D:D:E:C:F:G:H:D:D:E:C:F:H:D:D:E:C:F:I:J
alleva-2021	Av:0536	:A:B:C:D:D:E:C:F:G:H|h:D:D:E:C:F:G:H:F:G:H:F:I:J
alleva-2021	Av:0538	:A:B:C:D:D:E:C:F:G:H:F|d:D:C:F:D:E:C:F:G:H:F:I:J
alleva-2021	Av:0540	:A:B:C:D:D:E:C:F:G:G:G:G:G:H:F:I:G:G:G:G:G:H:F:I:J
alleva-2021	Av:0001	:A:B:C:F:G:H:F:I:J
alleva-2021	Av:0002	:A:B:D:D:E:C:F:G:H:F:I:J
alleva-2021	Av:0003	:A:B:C:C:F:G:H:F:I:J
alleva-2021	Av:0004	:A:B|b:D:E:C:F:G:H:F:I:J
alleva-2021	Av:0005	:A:B:C:D:F:G:H:F:I:J
alleva-2021	Av:0006	:A:B:C:D:D:E:C:F|a:J
alleva-2021	Av:0007	:A:B:C:D:D:E:F:G:H:F:I:J
alleva-2021	Av:0008	:A:D:D:E:C:F:G:H:F:I:J
alleva-2021	Av:0009	:A:B:C:D:D:E:C:G:H:F:I:J
alleva-2021	Av:0010	:A:B|b:E:C:F:G:H:F:I:J
alleva-2021	Av:0011	:A:B:C:D:D:E:C:F:H:F:I:J
alleva-2021	Av:0012	:A:B:C:D:D:E:G:H:F:I:J
alleva-2021	Av:0013	:A:B:C:D:D:E:C:F:G:F:I:J
alleva-2021	Av:0014	:A:B:C:D:D:E:C:H:F:I:J
alleva-2021	Av:0015	:A:B:C:D:D:E:C:F:F:I:J
alleva-2021	Av:0016	:A:B:C:D:D:E:C:F:G:H:F:J
alleva-2021	Av:0017	:A:B:C:D:D:E:C:F:G:H:F:I
alleva-2021	Av:0018	:A:B:C:D:D:E:C:F:G:H:F:F:I:J
alleva-2021	Av:0019	:A:F:G:H:F:I:J
alleva-2021	Av:0021	:A:B:G:H:F:I:J
alleva-2021	Av:0022	:A:B:C:C:D:D:E:C:F:G:H:F:I:J
alleva-2021	Av:0023	:A:B:C:H:F:I:J
alleva-2021	Av:0024	:A:B:C:D:D:D:E:C:F:G:H:F:I:J
alleva-2021	Av:0025	:A:B:C:D:D|f:E:C:F:G:H:F:I:J
alleva-2021	Av:0026	:A:B:C:D:D:E:F:I:J
alleva-2021	Av:0028	:A:B:C:D:D:E:E:F:I:J
alleva-2021	Av:0030	:A:B:C:E:C:F:G:H:F:I:J
alleva-2021	Av:0031	:A:B:C:D:D:E:C:C:F:G:H:F:I:J
alleva-2021	Av:0032	:A:B:C:D:D:F:G:H:F:I:J
alleva-2021	Av:0033	:A:B:C:D:D:E:C:F:F:G:H:F:I:J
alleva-2021	Av:0034	:A:B:C:D:D:E:C:F:G:H:F:Q:I:J
alleva-2021	Av:0036	:A:B:C:D:D:E:C:F:G:H:F:I:J:J
alleva-2021	Av:0037	:A:B:C:D:D:E:C:F:G:H:F:I|d:J
alleva-2021	Av:0038	:A|c:D:D:E:C:F:G:H:F:I:J
alleva-2021	Av:0039	:A:B:C:D:D:D:D:E:C:F:G:H:F:I:J
alleva-2021	Av:0040	:A:B:C:D:D:E:D:E:C:F:G:H:F:I:J
alleva-2021	Av:0042	:A:B:C:D:D:C:D:D:E:C:F:G:H:F:I:J
alleva-2021	Av:0044	:A:B:C:D:D:E:C:F:G:H:F:G:H:F:I:J
alleva-2021	Av:0045	:A:B:C:D:N:C:F:G:H:F:I:J
alleva-2021	Av:0046	:A:B:C:D:D:E:C:D:D:E:C:F:G:H:F:I:J
alleva-2021	Av:0053	:A:B:C:D:D:E:C:F:G:H|d:J
alleva-2021	Av:0054	:A:B:C:D:D:E:C:F:G:H:F:Q:F:I:J
alleva-2021	Av:0055	:A:B:C:D:D:E:D:D:E:C:F:G:H:F:I:J
alleva-2021	Av:0069	:A:B:C:D:D:E:C:E:C:F:G:H:F:I:J
alleva-2021	Av:0101	:A:B:C:D:C:D:D:E:C:F:G:H:F:I:J
alleva-2021	Av:0102	:A:B:C:D:D:E:C:F:G:H:F:Q:H:F:I:J
alleva-2021	Av:0103	:A:B:C:D:D:E:C:F:G:H:G:H:F:I:J
alleva-2021	Av:0109	:A:B:C:D:D:E:C:F:G:H:F:Q:G:H:F:I:J
alleva-2021	Av:0122	:A:B:C:D:D:E|p:J
alleva-2021	Av:0124	:A|c:C:F:G:H:F:I:J
alleva-2021	Av:0125	:A:B:C:D:D|b:E:C:F:G:H:F:I:J
alleva-2021	Av:0127	:A:B:C:D:D:E:C:F:G:G:H:F:I:J
alleva-2021	Av:0128	:A:B:E:C:F:G:H:F:I:J
alleva-2021	Av:0130	:A:B:C:D:D:E:C:F:G|q
alleva-2021	Av:0135	:A:B:C:D:D:E:C:F:G:I:J
alleva-2021	Av:0137	:A:B:C:D:D:E:C:F:G:H|d
alleva-2021	Av:0151	:A:B:C:D:D:E:C:F|s:F:I:J
alleva-2021	Av:0153	:A:B:C:D:D|b:D:E:C:F:G:H:F:I:J
alleva-2021	Av:0254	:A:B:C:D:D:E:C:F:G:H:F:I|x:H:F:I:J
alleva-2021	Av:0340	:A:B:C:D:D:E:C:F:G:F:G:H:F:I:J
alleva-2021	Av:0360	:A:B:C:D:D:E:C:F:G:C:F:G:H:F:I:J
alleva-2021	Av:0421	:A:B:C:D:D|f:D:E:C:F:G:H:F:I:J
alleva-2021	Av:0424	:A:B:C:D:D:E|b:E:C:F:G:H:F:I:J
alleva-2021	Av:0426	:A:B:C:D:D:E:C:F:G:H:F:H:F:I:J
alleva-2021	Av:0483	:A:B:C:D:D:E:C:F:D:E:C:F:G:H:F:I:J
alleva-2021	Av:0486	:A:B:C:D:D:E:C:F:G|q:J
alleva-2021	B	:A:B:C:D:D:C:C:F:G:H:F:I:J
alleva-2021	C	:A:B:C:D:D:C:C:F:K:H:L:H:I:J
alleva-2021	Cv:0194	:A:B:C:D:D|b:R:C:F:K:H:L:H:I:J
alleva-2021	Cv:0204	:A:B:C:D:D:C:C:F:K:H:C:L:H:I:J
alleva-2021	Cv:0214	:A:B:C:D:D:D:F:K:H:L:H:I:J
alleva-2021	Cv:0219	:A:B:C:D:D:D:R:C:C:F:K:H:L:H:I:J
alleva-2021	Cv:0221	:A:B:C:D:D:C|j:C:C:F:K:H:L:H:I:J
alleva-2021	Cv:0227	:A:B:C:D:D:D:D:D:C:C:F:K:H:L:H:I:J
alleva-2021	Cv:0228	:A:B:C:D:D:C:C:F:K:H|2:C:H:L:H:I:J
alleva-2021	Cv:0232	:A:B:C:D:D:C:C:F:K:H:L:H:Q:Q:H:I:J
alleva-2021	Cv:0233	:A:B:C:D:D:D:R:D:D:C:C:F:K:H:L:H:I:J
alleva-2021	Cv:0236	:A:B:C:D:D:D:R:C|b:D:R:C:F:K:H:L:H:I:J
alleva-2021	Cv:0237	:A:B:C:D:D:C:C:F:K:H:L:L:K:H:L:L:H:I:J
alleva-2021	Cv:0239	:A:B:C:D:D:B|b|3:B|b:D:C:C:F:K:H:L:H:I:J
alleva-2021	Cv:0240	:A:B:C:D:D:C:C:C:F:K:H:R:C:F:K:H:L:H:I:J
alleva-2021	Cv:0241	:A:B:C:D:D:C:C:F:K:H:L:H:L:L:H:L:L:H:I:J
alleva-2021	Cv:0260	:A:B:C:D:D:C:C:F:K|4:L|4:L:H:I:J
alleva-2021	Cv:0261	:A:B:C:D:D:C:C:F:K:H:L:H:C:C:I:J
alleva-2021	Cv:0262	:A:B:C:D:D:C:C:F:K:L:H:L:H:I:J
alleva-2021	Cv:0265	:A:B:C:D:D:C:C:F:K:H:L:H:L|q:J
alleva-2021	Cv:0269	:A:B:C:D:D:C:C:F:K:H:L:K:Q|v:H:L:H|d:J
alleva-2021	Cv:0274	:A:B:C:D:D:C:C:F|5:D:D:C:C:D:D:C:C:K:H:L:H:I:J
alleva-2021	Cv:0276	:A:B:C:R:D:D:C:C:C:F:K:H:L:H:I:J
alleva-2021	Cv:0278	:A:B:C:D:R:C:L:H:I:J
alleva-2021	Cv:0281	:A:B:C:D:D:C:D:R:C:F:K:H:L:H:I:J
alleva-2021	Cv:0283	:A:B:C:D:D:C:C:F:K:H:C:H:L:H:I:J
alleva-2021	Cv:0285	:A:B:C:D:D:C:C:F:K:H:L:L:L:H:I:J
alleva-2021	Cv:0303	:A:B:C|b:D:D:D:D:C:C:F:K:H:L:H:I:J
alleva-2021	Cv:0305	:A:B:C:D:R:D:D:D:C:C:F:K:H:L:H:I:J
alleva-2021	Cv:0309	:A:B:C:D:D:C:C:F:K:H:L:H:L:H:H:I:J
alleva-2021	Cv:0314	:A:B:C:D:D:C:C:F:K:H:L:K:H:I:J
alleva-2021	Cv:0316	:A:B:C:D:D:C:C:F:K:H:L:H:L:I:J
alleva-2021	Cv:0336	:A:B:C:D:D:C:C:F:K:K:K:F:K:F:F:K:H:L:H:I:J
alleva-2021	Cv:0393	:A:B:C:D:R:C:C:D:C:C:F:K:H:L:H:I:J
alleva-2021	Cv:0394	:A:B:C:D:D:C:C:F:K:H|F:L:H:I:J
alleva-2021	Cv:0395	:A:B:C:D:D:C:C:F:K:H:F:L:H:I:J
alleva-2021	Cv:0396	:A:B:C:D:D:C:C:F:K:H:L:K:H:E:H:I:J
alleva-2021	Cv:0397	:A:B:C:D:D:C:C:F:K:H:L|g|h:I:J
alleva-2021	Cv:0398	:A:B:C:D:D:C:C:F:K:H:L|g:H:L:H:I:J
alleva-2021	Cv:0402	:A:B:C|j|b|j:C:D:D:C:C:F:K:H:L:H:I:J
alleva-2021	Cv:0404	:A:B:C:D:D:C:C:F:K:H:L|q:L:H:C:H:I:J
alleva-2021	Cv:0406	:A:B:C:D:D:C:C:F:K:H:L:K:H:L:H:L|q:J
alleva-2021	Cv:0407	:A:B:C:D:D:C:C:F:K:H:L:L:K:H:L:H:I:J
alleva-2021	Cv:0408	:A:B:C:D:D:C:C:F:K:H:L:F:K:H:I:J
alleva-2021	Cv:0409	:A:B:C:D:D:C:C:F:K:H:K:K:H:K:H:L:H:I:J
alleva-2021	Cv:0410	:A:B:C:D:D:C:C:F:K:H:L:H:L|h:I:J
alleva-2021	Cv:0413	:A:B:C:D:D:C:C:F:K:H:C:F:F:K:H|k:L:H:I:J
alleva-2021	Cv:0414	:A:B:C:D:D:C:C:F:K:H:L:H:I|G:F:K:H:L:H:I:J
alleva-2021	Cv:0415	:A:B:C:D:D:C:C:C:D:D:C:D:D:C:C:F:K:H:L:H:I:J
alleva-2021	Cv:0417	:A:B:C:D:D:C:C:F:K:H:L:H:C:F:K:H:K:H:L:H:I:J
alleva-2021	Cv:0189	|1:K:H:L:H:I:J
alleva-2021	Cv:0190	:A:B:C:C:D:D:C:C:F:K:H:L:H:I:J
alleva-2021	Cv:0191	:A:B:C:K:H:L:H:I:J
alleva-2021	Cv:0192	:A:B:C:D:D:D:C:C:F:K:H:L:H:I:J
alleva-2021	Cv:0193	:A:B:C:D:D:C:C|d:J
alleva-2021	Cv:0195	:A:B:C:D:D:C:C:F:J
alleva-2021	Cv:0196	:A:B:C:D:D:C:C:C:F:K:H:L:H:I:J
alleva-2021	Cv:0197	:A:B:C:F:K:H:L:H:I:J
alleva-2021	Cv:0198	:A:B:C:D:D:C:C:F:F:K:H:L:H:I:J
alleva-2021	Cv:0199	:A:B:C:D:D:C:L:H:I:J
alleva-2021	Cv:0200	:A:B:C:D:D:C:C:F:K:K:H:L:H:I:J
alleva-2021	Cv:0201	:A:B:C:D:D:C:C:F:K:J
alleva-2021	Cv:0202	:A:B:C:D:D:C:C:F:K:H:H:L:H:I:J
alleva-2021	Cv:0203	:A:B:C:C:F:K:H:L:H:I:J
alleva-2021	Cv:0205	:A:B:C:D:D:C:C:F:K:I:J
alleva-2021	Cv:0206	:A:B:C:D:D:C:C:F:K:H:L:L:H:I:J
alleva-2021	Cv:0207	:A:B:C:D:D:F:K:H:L:H:I:J
alleva-2021	Cv:0208	:A:B:C:D:D:C:C:F:K:H:L:H:H:I:J
alleva-2021	Cv:0209	:A:B:C:D:D:C:C:F:K:H:I:J
alleva-2021	Cv:0210	:A:B:D:D:C:C:F:K:H:L:H:I:J
alleva-2021	Cv:0211	:A:B:C:D:D:C:C:F:K:H:L:H:I:J:J
alleva-2021	Cv:0212	:A:B:C:D:C:C:F:K:H:L:H:I:J
alleva-2021	Cv:0213	:A:B:C:D:C:D:D:C:C:F:K:H:L:H:I:J
alleva-2021	Cv:0215	:A:B:C:D:R:D:D:C:C:F:K:H:L:H:I:J
alleva-2021	Cv:0216	:A:B:C:D:D:C:F:K:H:L:H:I:J
alleva-2021	Cv:0217	:A:B:C:D:D:D:D:C:C:F:K:H:L:H:I:J
alleva-2021	Cv:0218	:A:B:C:D:D:C:C:K:H:L:H:I:J
alleva-2021	Cv:0220	:A:B:C:D:D:C:C:F:H:L:H:I:J
alleva-2021	Cv:0222	:A:B:C:D:D:C:C:F:K:L:H:I:J
alleva-2021	Cv:0223	:A:B:C:D:D:C:C:F:K:H:L:H:L:H:I:J
alleva-2021	Cv:0224	:A:B:C:D:D:C:C:F:K:H:L:I:J
alleva-2021	Cv:0225	:A:B:C:D:D:C:C:F:K:H:L:H:Q:H:I:J
alleva-2021	Cv:0226	:A:B:C:D:D:C:C:F:K:H:L|q:J
alleva-2021	Cv:0229	:A:B:C:D:D:C:C:F:K:H:L:K:H:L:H:I:J
alleva-2021	Cv:0230	:A:B:C:D:D:C:C:F:K:H:L:H:H:L:H:I:J
alleva-2021	Cv:0231	:A:B:C:D:D:C:C:F:K:H:L:H:Q:L:H:I:J
alleva-2021	Cv:0234	:A:B:C:D:D:C:C:D:D:C:C:F:K:H:L:H:I:J
alleva-2021	Cv:0235	:A:B:C:D:D:C:C:F:K:H:L:F:K:H:L:H:I:J
alleva-2021	Cv:0238	:A:B:C:D:D:C:C:F:K:H:L:H:Q:K:H:L:H:I:J
alleva-2021	Cv:0267	:A:B:C:D:D:C:C:F:K:H:C:F:K:H:L:H:I:J
alleva-2021	Cv:0277	:A|c:C:F:K:H:L:H:I:J
alleva-2021	Cv:0279	:A:B:C:D:D:C|b:C:C:F:K:H:L:H:I:J
alleva-2021	Cv:0280	:A:B:C:D:D:C:C:H:I:J
alleva-2021	Cv:0282	:A:B:C:D:D:C:C:L:H:I:J
alleva-2021	Cv:0286	:A:B:C:D:D:C:C:F:L:H:I:J
alleva-2021	Cv:0288	:A:B:C:D:D:C:C:F:K:H:L:H:I|x:I:J
alleva-2021	Cv:0298	:A:B:C:D:D:C:C:F:K:H:H:I:J
alleva-2021	Cv:0307	:A:B:C:D:D:C:D:D:C:C:F:K:H:L:H:I:J
alleva-2021	Cv:0317	:A:B:C:D:D:C:C:F:K:C:C:F:K:H:L:H:I:J
alleva-2021	Cv:0391	:A:B:B:C:D:D:C:C:F:K:H:L:H:I:J
alleva-2021	Cv:0399	:A:B:C:D:D:C:C:F:K:H:L:H:I|d:J
alleva-2021	Cv:0416	:A:B:C:D:D:C:C:F:K:H:C:D:D:C:C:F:K:H:L:H:I:J
alleva-2021	D	:A:B:C:D:D:E:C:F:K:G:H:F:I:J
alleva-2021	Dv:0422	:A:B:C:D:D:E:C:F:G|g|g:K:G:H:F:I:J
alleva-2021	Dv:0423	:A:B:C:D:D:E:C:F:K:G:F:H:F:H:F:I:J
alleva-2021	Dv:0431	:A:B:C:D:D:D|j:D:D:E:C:F:K:G:H:F:I:J
alleva-2021	Dv:0434	:A:B:C:D:D:E:C:D|g:K:G:H:F:I:J
alleva-2021	Dv:0435	:A:B:C:D:D:E:C:F|g:G:H:F:K:G:H:F:I:J
alleva-2021	Dv:0437	:A:B:C:D:D:E:C:F:K:G|I:F:K:G:H:F:I:J
alleva-2021	Dv:0439	:A:B:C:D:D:E:C:F:K:G:H:G:K:G:H:F:I:J
alleva-2021	Dv:0445	:A:B:C:D:D:E:C:F:K:G:H:F:Q|g:G:H:F:I:J
alleva-2021	Dv:0446	:A:B:C:D:D:E:C:F:K:G:H|g:F:I:J
alleva-2021	Dv:0453	:A:B:C:D:D:E:C:F:K:G:H:F:G:H:F:G:H:F:I:J
alleva-2021	Dv:0455	:A:B:C:D:D:E:C:F:K:G:H:F:I:K:K:G:H:F:I:J
alleva-2021	Dv:0465	:A:B:C:D:D:E:C:F:K|s:C:D:D:E:C|g:G:H:F:I:J
alleva-2021	Dv:0467	:A:B:C:D:D:E:C:F:K:G:H:F:Q:F:F:K:G:H:F:I:J
alleva-2021	Dv:0470	:A:B:C:D:D:E:C:F|g:F:K:G:H:F:I:J
alleva-2021	Dv:0471	:A:B:C:D:D:E:C:F:H|q:C:H:H:H:H:C:K:G:H:F:I:J
alleva-2021	Dv:0472	:A:B:C:D:D:E:C:F:K:H:F:G:H:F:I:J
alleva-2021	Dv:0477	:A:B:C:D:D:E:C:F:K:G:F:F:H:F:I:J
alleva-2021	Dv:0479	:A:B:C:D:D:E:C:F:K:G:H:Q:H:F:I:J
alleva-2021	Dv:0489	:A:B:C:D:D:E:C|e:E:C:F:K:G:H:F:I:J
alleva-2021	Dv:0491	:A:B:C:D:D:E:C:F:D:C:F:K:G:H:F:I:J
alleva-2021	Dv:0492	:A:B:C:D:D:E:C:F:K:G:H|h|h|h:F:I:J
alleva-2021	Dv:0493	:A:B:C:D:D:E:C:F:K:G:H|d:G:H:F:I:J
alleva-2021	Dv:0497	:A:B:C:D:D:E:C:F:K|g:I:J
alleva-2021	Dv:0500	:A:B:C:D:D:E:C:F:G:F:G:F:K:G:H:F:I:J
alleva-2021	Dv:0502	:A:B:C:D:D:E:C:F:K:G:H:F:Q:F:Q:F:I:J
alleva-2021	Dv:0511	:A:B:C:D:D:E:C|J:D:D:E:C:F:K:G:H:F:I:J
alleva-2021	Dv:0514	:A:B:C:D:D:E:C:F:K:G:H:G:G:H:K:H:F:I:J
alleva-2021	Dv:0516	:A:B:C:D:D:E:C|d:K:K:G:H:F:I:J
alleva-2021	Dv:0518	:A:B:C:D:D:E:C:F:K:G|k|g|k:C:K:G:H:F:I:J
alleva-2021	Dv:0521	:A:B:C:D:D:E:C:F:K:G:H:K:F:I:J
alleva-2021	Dv:0523	:A:B:C:D:D:E:C:F:K:G:F:D:E:C:F:K:G:H:F:I:J
alleva-2021	Dv:0525	:A:B:C:D:D:E:C:F:K:H:F:K:F:K:G:F:K:G:H:F:I:J
alleva-2021	Dv:0528	:A:B:C:D:D:E:C:F:K:G:H|d:F:F:C:F:K:G:H:F:I:J
alleva-2021	Dv:0531	:A:B:C:D:D:E:C:F:K:G:K:F:H:F:I:J
alleva-2021	Dv:0533	:A:B:C:D:D:E:C:F:K:G:H:H:H:F:I:J
alleva-2021	Dv:0534	:A:B:C:D:D:E:C:F:K:G:H:B:C:D:D:E:C:F:K:G:F:I:J
alleva-2021	Dv:0535	:A:B:C:D:D:E:C:F:K:G:H:Q:I:F:I:J
alleva-2021	Dv:0539	:A:B:C:D:D:E:C:F:K:G:H:F:Q:H:I:J
alleva-2021	Dv:0541	:A:B:C:D:D:E:C:F:K:G:H:F|v:Q:I:J
alleva-2021	Dv:0425	:A:B:C:D:D:E:C:F:K:G:H:F:G:H:F:I:J
alleva-2021	Dv:0430	:A:B:C:D:D:D:E:C:F:K:G:H:F:I:J
alleva-2021	Dv:0432	:A:B:C:D:D:E:C:C:F:K:G:H:F:I:J
alleva-2021	Dv:0433	:A:B:C:D:D:E:C:D:D:E:C:F:K:G:H:F:I:J
alleva-2021	Dv:0436	:A:B:C:D:D:E:C:F:F:K:G:H:F:I:J
alleva-2021	Dv:0438	:A:B:C:D:D:E:C:F:K:K:G:H:F:I:J
alleva-2021	Dv:0440	:A:B:C:D:D:E:C:F:K:G:G:H:F:I:J
alleva-2021	Dv:0441	:A:B:C:D:D:E:C:F:K:G:H:F:Q:G:H:F:I:J
alleva-2021	Dv:0442	:A:B:C:D:D:E:C:F:K:G:U:H:F:I:J
alleva-2021	Dv:0444	:A:B:C:D:D:E:C:F:K:G:H:H:F:I:J
alleva-2021	Dv:0448	:A:B:C:D:D:E:C:F:K:G:H:F:F:I:J
alleva-2021	Dv:0450	:A:B:C:D:D:E:C:F:K:G:H:F:Q:I:J
alleva-2021	Dv:0451	:A:B:C:D:D:E:C:F:K:D:D:E:C:F:K:G:H:F:I:J
alleva-2021	Dv:0468	:A:B:C:D:D:E:C:F:C:F:K:G:H:F:I:J
alleva-2021	Dv:0475	:A:B:C:D:D:E:C:F:K:G:K:G:H:F:I:J
alleva-2021	Dv:0478	:A:B:C:D:D:E:C:F:K:G:H:F:I|x:E:C:F:K:G:H:F:I:J
alleva-2021	Dv:0508	:A:B:C:C:D:D:E:C:F:K:G:H:F:I:J
alleva-2021	Dv:0510	:A:B:C:D:D|b:E:C:F:K:G:H:F:I:J
alleva-2021	Dv:0512	:A:B:C:D:D:E:E:C:F:K:G:H:F:I:J
alleva-2021	Dv:0513	:A:B:C:D:D:E:C:F:K:G:E:C:F:K:G:H:F:I:J
alleva-2021	Dv:0517	:A:B:C:D:D:E:C:F:K:G:H:F:C:F:K:G:H:F:I:J
alleva-2021	Dv:0522	:A:B:C:D:D:E:C:F:K:G:D:D:E:C:F:K:G:H:F:I:J
alleva-2021	Dv:0526	:A:B:C:D:D:E:C:F:K:G:H:D:D:E:C:F:K:G:H:F:I:J
alleva-2021	Dv:0537	:A:B:C:D:D:E:C:F:K:G:H:F:H:F:I:J
alleva-2021	E	:A:B:C:D:H:F:I:J
alleva-2021	L1	:A:B:C:D:G:H:F:I:J
alleva-2021	L10	:A:C:D:D:E:C:F:G:H:F:I:J
alleva-2021	L11	:A:B:C:D:D:E:C:F:G:H:I:J
alleva-2021	L12	:A:B:C:D:D:C:C:C:F:G:H:F:J
alleva-2021	L12v:0087	:A:B:C:D:D:C:C:C:F:G:G|k:H:F:J
alleva-2021	L12v:0091	:A:B:C:D:D:C:C:C:F:G:H|d:Q:Q:J
alleva-2021	L12v:0096	:A:B:C:D:D:C:C:C:F:G:F:F:G:F:F:G:H:F:J
alleva-2021	L12v:0100	:A:B:C:D:D:C:C:C:F:G:K:H|g:H:F:J
alleva-2021	L12v:0268	:A:B:C:D:D:C:C:C:F:H:F:G:H:F:J
alleva-2021	L12v:0271	:A:B:C:D:D:C:C:C:F:G:H:F:F:G:H:F:H|d:J
alleva-2021	L12v:0085	:A:B:C:D:C:D:D:C:C:C:F:G:H:F:J
alleva-2021	L12v:0086	:A:B:C:D:D:C:C:C:F:G:H:F:F:G:H:F:J
alleva-2021	L12v:0089	:A:B:C:D:D:C:C:C:F:G:H:G:H:F:J
alleva-2021	L12v:0097	:A:B:C:D:D:C:D:D:C:C:C:F:G:H:F:J
alleva-2021	L12v:0099	:A:B:C:D:D:C:C:C:C:C:C:F:G:H:F:J
alleva-2021	L12v:0263	:A:B:C:D:D:C:C:C:F:G:H:F:G:H:F:J
alleva-2021	L12v:0264	:A:B:C:D:D:C:C:D:D:C:C:C:F:G:H:F:J
alleva-2021	L13	:A:B:C:D:D:E:C:F:G:H:Q:I:J
alleva-2021	L14	:A:B:C:D:D:C:C:F:K:H:L:O:I:J
alleva-2021	L14v:0290	:A:B:C:C:C|b:D:C:C:F:K:H:L:O:I:J
alleva-2021	L14v:0291	:A:B:C:D:D:C:C:F:R:F:K:H:L:O:I:J
alleva-2021	L14v:0293	:A:B:C:D:D:C:C:F:H:L:K:H:L:O:I:J
alleva-2021	L14v:0294	:A:B:C:D:D:C:C:F:K:O:Q:F:L:O:I:J
alleva-2021	L14v:0295	:A:B:C:D:D:C:C:F:K:H:C:F:K:O:I:J
alleva-2021	L14v:0301	:A:B:C:D:D:C:C:F:K:H:L:H:I|9:I:J
alleva-2021	L14v:0312	:A:B:C:D:D:C:C:F:K:H:L:H:L:H:O:I:J
alleva-2021	L14v:0313	:A:B:C:D:D:C:C:F:K:H:L:L:E:L:O:I:J
alleva-2021	L14v:0318	:A:B:C:D:D:C:D:D:C:H:C:F:K:H:L:O:I:J
alleva-2021	L14v:0320	:A:B:C:D:D:C:C:F:K:K:C:F:K:H:L:O:I:J
alleva-2021	L14v:0326	:A:B:C:D:D:C:C:F:K:H:L:O:I:L:L:O:I:J
alleva-2021	L14v:0329	:A:B:C:D:D:C:C:F:K:H:H:K:K:H:H:L:O:I:J
alleva-2021	L14v:0330	:A:B:C:D:D:C:C:F:K:H:L:L:E:C:F:K:O:I:J
alleva-2021	L14v:0331	:A:B:C:F:K:H:L:O:Q:D:D:C:C:F:K:H:L:O:I:J
alleva-2021	L14v:0332	:A:B:C:D:D:D|j|j|j:D:D:C:C:F:K:H:L:O:I:J
alleva-2021	L14v:0333	:A:B:C:D:D:C:C:D:D:C:C:C:C:F:K:H:L:O:I:J
alleva-2021	L14v:0334	:A:B:C:D:D:C:C:F:K:H:F:K|2:F:K:H:L:O:I:J
alleva-2021	L14v:0335	:A:B:C:D:D:C:C:F:K:H:L:H:C:K:H:L:L:O:I:J
alleva-2021	L14v:0338	:A:B:C:D:D:C:C:F:K:H:L:H:F:K:H:L:H:L:O:I:J
alleva-2021	L14v:0339	:A:B:C:C:C:C:D:D:C:C:F:K:H:L:O:I:J
alleva-2021	L14v:0351	:A:B:C:D:D:C:C:F:K:H:L|q:Q:I:J
alleva-2021	L14v:0354	:A:B:C:D:C:C:C:D:D:C:C:F:K:H:L:O:I:J
alleva-2021	L14v:0359	:A:B:C:D:D:C:C:F:K|g:L:K|g:L:H:L:O:I:J
alleva-2021	L14v:0361	:A:B:C:D:D:C:C:F:K:H:L:H:K:H:L:H:K:H:L:H:I:J
alleva-2021	L14v:0362	:A:B:C:D:D:R:D:C:C:F:K:H:L:O:I:J
alleva-2021	L14v:0363	:A:B:C:D:D:C:C:C:F:F:K:H:L:O:I:J
alleva-2021	L14v:0365	:A:B:C:D:D:C:C:F:K:H:L:E:E:O:I:J
alleva-2021	L14v:0366	:A:B:C:D:D:C:C:F:K:H:L:O:H|A:I:J
alleva-2021	L14v:0367	:A:B:C:D:D:C:C:F:K:H:L:O:I:I:I:J
alleva-2021	L14v:0370	:A:B:C:D:D:C:R:C:F:K:H:L:O:I:J
alleva-2021	L14v:0372	:A:B:C:D:D:C|j:C:F:K:H:L:O:I:J
alleva-2021	L14v:0374	:A:B:C:D:D:C:C:F:H:K:H:L:O:I:J
alleva-2021	L14v:0377	:A:B:C:D:D:C:C:F:K:H:L|C:I:J:J
alleva-2021	L14v:0378	:A:B:C:D:D:C:C:F:K:H:L:H:C:F:K:O:I:J
alleva-2021	L14v:0384	:A:B:C:D:D:D:D:C:D:D:C:C:F:K:H:L:O:I:J
alleva-2021	L14v:0385	:A:B:C:D:D:C:C:F:K:L:C:R:L:C:F:K:H:L:O:I:J
alleva-2021	L14v:0275	:A:B:C:D:D:C|6:I:J
alleva-2021	L14v:0284	:A:B:C:D:D:C:C:F|7:I:J
alleva-2021	L14v:0287	:A:B:C:D:D:C:C:F:K:O:I:J
alleva-2021	L14v:0296	:A:B:C:D:D:C:C:F:K:H:K:H:L:O:I:J
alleva-2021	L14v:0297	:A:B:C:D:D:C:C:F:K:H:L:H:L:O:I:J
alleva-2021	L14v:0299	:A:B:C:D:D:C:C:F:K:H:L:O:L:O:I:J
alleva-2021	L14v:0300	:A:B:D:D:C:C:F:K:H:L:O:I:J
alleva-2021	L14v:0302	:A:B:C:D:C:C:F:K:H:L:O:I:J
alleva-2021	L14v:0304	:A:B:C:D:D:C:F:K:H:L:O:I:J
alleva-2021	L14v:0306	:A:B:C:D:D:C:C:F:K:L:O:I:J
alleva-2021	L14v:0308	:A:B:C:D:D:C:C:F:K:H:O:I:J
alleva-2021	L14v:0310	:A:B:C:D:D:C:C:F:K:C:F:K:H:L:O:I:J
alleva-2021	L14v:0311	:A:B:C:D:D:C:C:F:K:H:L:K:H:L:O:I:J
alleva-2021	L14v:0315	:A:B:C:D:D:C:C:F:K:H:L:O:Q:L:O:I:J
alleva-2021	L14v:0319	:A:B:C:D:D:C:C:F:F:K:H:L:O:I:J
alleva-2021	L14v:0321	:A:B:C:D:D:C:C:F:K:K:H:L:O:I:J
alleva-2021	L14v:0322	:A:B:C:D:D:C:C:F:K:H:C:F:K:H:L:O:I:J
alleva-2021	L14v:0323	:A:B:C:D:D:C:C:F:K:H:L:L:O:I:J
alleva-2021	L14v:0324	:A:B:C:D:D:C:C:F:K:H:L:O:Q:H:L:O:I:J
alleva-2021	L14v:0325	:A:B:C:D:D:C:C:F:K:H:L:H:O:I:J
alleva-2021	L14v:0328	:A:B:C:D:D:C:C:F:K:H:C:C:F:K:H:L:O:I:J
alleva-2021	L14v:0337	:A:B:C:D:D:C:C:F:K:H:D:D:C:C:F:K:H:L:O:I:J
alleva-2021	L14v:0341	:A:B:C:D:D:C:C:F:K:H:L:O:H:L:O:I:J
alleva-2021	L14v:0346	:A:B:C:D:D:D:C:C:F:K:H:L:O:I:J
alleva-2021	L14v:0348	:A:B:C:D:D|b:C:C:F:K:H:L:O:I:J
alleva-2021	L14v:0353	:A:B:C:D:D:C:C:F:K:H:L:O:Q:I:J
alleva-2021	L14v:0364	:A:B:C:D:D:C:C:F:C:F:K:H:L:O:I:J
alleva-2021	L14v:0371	:A:B:C:D:D:C:D:D:C:C:F:K:H:L:O:I:J
alleva-2021	L14v:0386	:A:B:C:D:D:C:C:F:K:H:L:O:Q:O:I:J
alleva-2021	L15	:A:B:C:D:D:C:C:F:K:H:L:H:I
alleva-2021	L15v:0131	:A|u:C:C:D:D:C:C:F:K:H:L:H:I
alleva-2021	L15v:0158	:A:B:C:D|j:D:D:C:C:F:K:H:L:H:I
alleva-2021	L15v:0160	:A:B:C:D:D:C:C:F:K:H:F:H:L:H:I
alleva-2021	L15v:0162	:A:B:C:D:D:C:C:F:K:H:L:N:E:H:I
alleva-2021	L15v:0173	:A:B:C:D:D:C:C:F|g:H:F:K:H:L:H:I
alleva-2021	L15v:0174	:A:B:C:D:D:C:C:F:K:L|k:L:H:L:H:I
alleva-2021	L15v:0175	:A:B:C:D:D:C:C:F:K:H:L:F:L:F:H:I
alleva-2021	L15v:0179	:A:B:C:D:D:C:C|h:H:F|y:F:K:H:L:H:I
alleva-2021	L15v:0180	:A:B:C:D:D:C:C:F:K:H:F:L:H:E:L:H:I
alleva-2021	L15v:0182	:A:B:C:D:R:D:D:D:C:D:D:C:C:F:K:H:L:H:I
alleva-2021	L15v:0184	:A:B:C:D:D:C:C:F:K:H:C:C:F:K:H:H:L:H:I
alleva-2021	L15v:0187	:A:B:C:D:D:C:C:F:K:H:F:K:H:L:F:K:H:L:H:I
alleva-2021	L15v:0126	:A:B:C:F:K:H:L:H:I
alleva-2021	L15v:0132	:A:B:C:C:F:K:H:L:H:I
alleva-2021	L15v:0133	:A:B:C:R:D:D:C:C:F:K:H:L:H:I
alleva-2021	L15v:0134	:A:B:C:D:D:D:C:C:F:K:H:L:H:I
alleva-2021	L15v:0136	:A:B:C:D:D:C:C:C:F:K:H:L:H:I
alleva-2021	L15v:0138	:A:B:C:D:D:C:C:F:K:H:L:H|v:I
alleva-2021	L15v:0139	:A:B:C:C:C:F:K:H:L:H:I
alleva-2021	L15v:0141	:A:B:C:D:D:C:C:F:L:H:I
alleva-2021	L15v:0143	:A:B:C:D:D:C:C:F:K:H:I
alleva-2021	L15v:0145	:A:B:C:D:D:C:C:F:K:H|r
alleva-2021	L15v:0155	:A:C:D:D:C:C:F:K:H:L:H:I
alleva-2021	L15v:0157	:A:B:C:D:C:C:F:K:H:L:H:I
alleva-2021	L15v:0159	:A:B:C:D:R:C:F:K:H:L:H:I
alleva-2021	L15v:0161	:A:B:C:D:D:C:F:K:H:L:H:I
alleva-2021	L15v:0163	:A:B:C:D:D:C:C:F:H:L:H:I
alleva-2021	L15v:0165	:A:B:C:D:D:C:C:F:K:L:H:I
alleva-2021	L15v:0167	:A:B:C:D:D:C:C:F:K:H:H:I
alleva-2021	L15v:0169	:A:B:C:D:D:C:C:F:K:H:L:I
alleva-2021	L15v:0170	:A:B:C:D:D:C:C:F:K:H:L|q
alleva-2021	L15v:0171	:A:B:C:D:D:C:D:D:C:C:F:K:H:L:H:I
alleva-2021	L15v:0172	:A:B:C:D:D:C|b:D:C:C:F:K:H:L:H:I
alleva-2021	L15v:0183	:A:B:C:D:D:C:C:F:K:H:D:C:C:F:K:H:L:H:I
alleva-2021	L15v:0185	:A:B:C:D:D:C:C:F:K:H:L:H:C:F:K:H:L:H:I
alleva-2021	L15v:0186	:A:B:C:D:D:C:C:F:K:H:D:D:C:C:F:K:H:L:H:I
alleva-2021	L16	:A:B:C:D:R:C:F:K:H:L:H:I:J
alleva-2021	L16v:0244	:A:B:C:D:R:C:F:K:K|4:K:H:L:H:I:J
alleva-2021	L16v:0245	:A:B:C:D:D:C:R:C:F:K:H:L:H:I:J
alleva-2021	L16v:0247	:A:B:C:D:R:C:F|g|k:H:H:L:H:I:J
alleva-2021	L16v:0249	:A:B:C:D:R:C:F|g:H:L:H:L:H:I:J
alleva-2021	L16v:0256	:A:B:C:D:R:L:C:D:R:C:F:K:H:L:H:I:J
alleva-2021	L16v:0373	:A:B:C:D:R:C:F:K:C:C:F:K:H:L:H:I:J
alleva-2021	L16v:0381	:A:B:C:D:R:C:C:C:F:K:H:L:H:I:J
alleva-2021	L16v:0383	:A:B:C:D:R:C:F:K:H:H:H:L:H:I:J
alleva-2021	L16v:0387	:A:B:C:D:R:C:F:K:H:L:H:R:R:D:R:C:F:K:H:L:H:I:J
alleva-2021	L16v:0388	:A:B:C:D:D:R:D:R:C:F:K:H:L:H:I:J
alleva-2021	L16v:0389	:A:B:C:D:R:C:F:K:H|D:K:H:L:H:I:J
alleva-2021	L16v:0251	:A:B:C:D:R:C:F:K:H:L:H:I:H:I:J
alleva-2021	L16v:0379	:A:B:C:D:C:D:R:C:F:K:H:L:H:I:J
alleva-2021	L16v:0390	:A:B:C:D:R:C:F:K:H:L:H:H:L:H:I:J
alleva-2021	L17	:A:B:C:D:D:K:C:C:F:K:H:L:H:I:J
alleva-2021	L18	:A:B:D:D:S:C:F:K:H:L:O:I:J
alleva-2021	L19	:A:B:C:D:D:C:C:F:K:H:L:H:Q:I:J
alleva-2021	L2	:A:B:C:D:D:C:F:G:H:F:I:J
alleva-2021	L20	:A:B:C:D:D:E:C:F:G:K:F:Q:J
alleva-2021	L20v:0056	:A:B:C:D:D:E:E:E:C:F:G:K:F:Q:J
alleva-2021	L20v:0057	:A:B:C:D:D:E:C:F:G|g:F:G:K:F:Q:J
alleva-2021	L20v:0060	:A:B:C:D:D:E:C:F:G:K:F:G:K:Q:J
alleva-2021	L20v:0062	:A:B:C:D:D:E:C:F:G:K:F:F:F:Q:J
alleva-2021	L20v:0066	:A:B:C:D:D:E:C:F:G:E:C:F:G:F:G:K:F:Q:J
alleva-2021	L20v:0058	:A:B:C:D:D:E:C:F:C:F:G:K:F:Q:J
alleva-2021	L20v:0059	:A:B:C:D:D:E:C:F:G:K:F:Q:K:F:Q:J
alleva-2021	L21	:A:B:C:D:D:E:E:C:F:G:H:F:I:J
alleva-2021	L22	:A:B:C:D:D:E:C:F:G:H:H:F:I:J
alleva-2021	L23	:A:B:C:D:D:E:C:F:F:H:F:Q:J
alleva-2021	L24	:A:B:C:D:D:E:C:F:T:P:F:Q:J
alleva-2021	L24v:0106	:A:B:C:D:E:D:D:E:C:F:T:P:F:Q:J
alleva-2021	L24v:0108	:A:B:C:D:D|f:C:E:C:F:T:P:F:Q:J
alleva-2021	L24v:0111	:A:B:C:D:R:R:R:D:D:E:C:F:T:P:F:Q:J
alleva-2021	L24v:0118	:A:B:C:D:D:E:C:C:D:E:C:C:F:T:P:F:Q:J
alleva-2021	L24v:0104	:A:B:C:D:D:E:C:F:T:P:F:T:P:F:Q:J
alleva-2021	L24v:0110	:A:B:C:D:D:E:C:F:T:P:T:P:F:Q:J
alleva-2021	L24v:0112	:A:B:C:D:D:E:C:F:T:P:F:Q:F:Q:J
alleva-2021	L24v:0113	:A:B:C:D:D:E:C:D:D:E:C:F:T:P:F:Q:J
alleva-2021	L24v:0115	:A:B:C:D:D:E:C:F:T:P:F:Q:T:P:F:Q:J
alleva-2021	L27	:A:B:C:D:D:V:C:F:G:H:F:I:J
alleva-2021	L27v:0067	:A:B:C:D:D:V:C:F:C:F:C:F:G:H:F:I:J
alleva-2021	L27v:0070	:A:B:C:D:D:D:V:R:D:D:V:C:F:G:H:F:I:J
alleva-2021	L27v:0074	:A:B:C:D:D:V:C:F:G:H|k|k:H|k|k:H:F:I:J
alleva-2021	L27v:0078	:A:B:C:C:B:C:D:D:V:C:F:G:H:F:I:J
alleva-2021	L27v:0079	:A:B:C:D:D|f:C:D:V:C:F:G:H:F:I:J
alleva-2021	L27v:0072	:A:B:C:D:D:V:C:F:G:H:D:V:C:F:G:H:F:I:J
alleva-2021	L27v:0077	:A:B:C:D:D:V:C:F:G:H:C:D:D:V:C:F:G:H:F:I:J
alleva-2021	L27v:0080	:A:B:C:D:D:V:D:D:V:C:F:G:H:F:I:J
alleva-2021	L3	:A:B:C:D:E:C:F:G:H:F:I:J
alleva-2021	L4	:A:B:C:D:D:C:C:C:D:D:C:F:K:H:L:H:I:J
alleva-2021	L5	:A:B:C:D:D:E:C:F:I:J
alleva-2021	L6	:A:B:C:D:D:C:C:C:F:K:H:L:O:I:J
alleva-2021	L7	:A:B:C:D:D:C:C:F:G:H:F:J
alleva-2021	L8	:A:B:C:D:D:E:C:C:F:K:H:L:H:I:J
alleva-2021	L9	:A:B:C:D:D:E:C:F:G:P:F:Q:J
alleva-2021	M1	:A:B:C!A:D:C:C:F:G:H:F:I:J
alleva-2021	M10	:A:B:C:D:D:E:C:F:G:H:F:Q:J
alleva-2021	M11	:A:B:C:D:D:E:C:F:G:K:Q:J
alleva-2021	M12	:A:B:C:D:D:C:C:C:D:D:C:F:K:H:L|F:H:I:J
alleva-2021	M13	:A:B|b:D:D:C:C:C:F:K:H:L:O:I:J
alleva-2021	M14	:A:B:C:D:D:C:C:C:F:K:H!F:H:I:J
alleva-2021	M15	:A:B:C:D:D|b:D:D|b|b:C:F:G:H:F:I:J
alleva-2021	M16	:A:B!G:D:D:E:C:F:G:H:H:F:I:J
alleva-2021	M17	:A:B:C:D:D:D:C:C:F:G:H:F:J
alleva-2021	M18	:A:B:C:D:D:C:C:F:K:H:L|g:I:J
alleva-2021	M19	:A:B:C:D:D:E:C!H:G:H:F:I:J
alleva-2021	M2	:A:B:C:R:D:E:C:F:G:H:F:I:J
alleva-2021	M20	:A:B:C:C:C:F:G:H:F:I:J
alleva-2021	M21	:A:B:C:D:D:E:C:D:E:C:F:G:H:H:F:I:J
alleva-2021	M22	:A:B:C!A!I:C:C:F:G:H:F:I:J
alleva-2021	M23	:A:B:C:D:D!J:C:F:G:H:F:I:J
alleva-2021	M24	:A:B:C:D:D:E:C:F:G:H:F:I!K
alleva-2021	M25	:A:B:C:D:D:C:C:F|g:H:H:I:J
alleva-2021	M26	:A:B:C!L:D:E:C:F:G:H:F:I:J
alleva-2021	M27	:A:B:C:D:D:E!M:F:G:H:F:I:J
alleva-2021	M28	:A:B:C:D:D:E:C:F:K:H:L:O:I:J
alleva-2021	M29	:A:B:C:D:D:C:C:F|g:H:L:H:I:J
alleva-2021	M3	:A:B:C:D:E:C:F:G:H|d:J
alleva-2021	M30	:A!N:C:D:D:E:C:F:G:K:F:Q:J
alleva-2021	M31	:A:B:C:D:D:C:C:F:G:H:F|v:I:J
alleva-2021	M32	:A:B:C|b:D:E:C:F:G:H:F:I:J
alleva-2021	M4	:A:B:C:D:D:E:C:F:U:H:F:I:J
alleva-2021	M5	:A:B:C!B:D:E:C:F:G:H:F:I:J
alleva-2021	M6	:A:B:C:D:D!C:C:F:G:H:F:I:J
alleva-2021	M7	:A:B:C:D|b:C:C:F:G:H:F:I:J
alleva-2021	M8	:A:B:C:D:D:C:C:F:G!D:F:I:J
alleva-2021	M9	:A:B:C:D:D:E:C:F:G:H:F!E:J
alleva-2021	Rv:0063	:A:B:C:D:D:E:C:F:G:H|h:Q:G:K:F:I:J
alleva-2021	Rv:0064	:A:B:C:D:D:E:C:F:G:H:F:K:F:I:J
alleva-2021	Rv:0073	:A:B:C:D:D:V:E:E:C:F:G:H:F:I:J
alleva-2021	Rv:0075	:A:B:C:D:D:E|j:V:C:F:G:H:F:I:J
alleva-2021	Rv:0076	:A:B:C:D:V|b:D:E:C|b:D:V:C:F:G:H:F:I:J
alleva-2021	Rv:0090	:A:B:C:D:D:C:C:C:C:D:N:C:F:G:H:F:I:J
alleva-2021	Rv:0098	:A:B:C:D:D:C:F:G|k:D:D:C:E:C:F:G:H:F:I:J
alleva-2021	Rv:0105	:A:B:C:D:D:E:C:F:T:P:F:Q:H:F:Q:J
alleva-2021	Rv:0114	:A:B:C:D:D:E:C:F:G|m:G:H:F:I:J
alleva-2021	Rv:0116	:A:B:C:D:D:E:C:F:G:P|m:H:F:I:J
alleva-2021	Rv:0120	:A:B:C:D:D:E:C:F:G|o:G:G:F:G|k:F:T:P:F:I:J
alleva-2021	Rv:0121	:A:B:C:D:D:E:E:E:C:F:G:E:D:E:E:C:F:T:P:F:Q:J
alleva-2021	Rv:0140	:A:B:C:D:D:D:C:C:F:G:H:F:I:J
alleva-2021	Rv:0142	:A:B:C:D:D:C:C:G:F:K:H:L:H:I
alleva-2021	Rv:0144	:A:B:C:D:D:C:C:F:G:K:H:L:H:I
alleva-2021	Rv:0146	:A:B:C:D:D:E:C:F:G:H:F:I|w:J
alleva-2021	Rv:0147	:A:B:C:D:D:C:C:F:K:H:L:H|x:I
alleva-2021	Rv:0164	:A:B:C:D:D:E:C:R:C:F:K:H:L:H:I
alleva-2021	Rv:0176	:A:B:C:D:D:C:C:F:K:H:F:G:H:L:H:I
alleva-2021	Rv:0188	:A:B:C:D|z:C:D|j|z:C:D:D:C:C:F:K:H:L:H:I
alleva-2021	Rv:0248	:A:B:C:D:D:E:C:F:K:C:F:G:H:F:I:J
alleva-2021	Rv:0250	:A:B:C:D:R:C:F:K:H:C:F:K:H:F:I:J
alleva-2021	Rv:0255	:A:B:C:D:D:E:C:F:G:L:H:H:F:I:J
alleva-2021	Rv:0258	:A:B:C:D:D:E:C:E:C:C:F:K:H:L:H:I:J
alleva-2021	Rv:0266	:A:B:C:D:D:C:C:C:F:G:H:F:K:H:H:Q:J
alleva-2021	Rv:0273	:A:B:C:D:D:C:C:C:F:G:H:G:H:G:G:H:L:H:I:J
alleva-2021	Rv:0327	:A:B:C:D:D:C:C:F:K:H:L:O:L:H:L:H:I:J
alleva-2021	Rv:0343	:A:B:C:D:D:C:C:F|s:F:F:K:H:L:O:I:J
alleva-2021	Rv:0345	:A:B:C:D:D:C:C:F:K:H:K:K:G:L:O:I:J
alleva-2021	Rv:0347	:A:B:C:D:D:E:C:F:G:H:F:O:K:L:O:I:J
alleva-2021	Rv:0349	:A:B:C:D:D:E:C:F:G:H:F|B:Q:Q:O:I:J
alleva-2021	Rv:0356	:A:B:C:D:D:C:C:F:G:K:H:L:O:I:J
alleva-2021	Rv:0368	:A:B:C:D:D:C:C:F:G:H:K:H:L:O:I:J
alleva-2021	Rv:0369	:A:B:C:D:D:E:C:F:K:F:F:G:H:F:I:J
alleva-2021	Rv:0376	:A:B:C:D:R:C:F:K:H:L:O|E:L|F:H:I:J
alleva-2021	Rv:0380	:A:B:C:D:D:C:C:R:D:R:C:F:K:H:L:H:I:J
alleva-2021	Rv:0382	:A:B:C:D:D:C:C:F:K:H:L:O:Q:H:Q:H:I:J
alleva-2021	Rv:0403	:A:B:C:D:D:E:C:F:G:H:H:L:F:I:J
alleva-2021	Rv:0411	:A:B:C:D:D:C:C:F:K:H:C:F:K:H:H|s:L:H:I:J
alleva-2021	Rv:0427	:A:B:C:D:D:E:C:F:K|g:H:F:G:H:F:I:J
alleva-2021	Rv:0429	:A:B:C:D:D:E:C:F:G:H:G:K:G:H:F:I:J
alleva-2021	Rv:0456	:A:B:C:D:D:E:C:F|s:K:G:H:F:I:J
alleva-2021	Rv:0459	:A:B:C:D:D:E:C:F:G:G:G:Q:C:F:K:G:H:F:I:J
alleva-2021	Rv:0461	:A:B:C:D:D:E:C:F:G:H:F:Q:F:C:K:G:H:F:I:J
alleva-2021	Rv:0469	:A:B:C:D:D:E:C:F:G:H|b:D:E:C:F:K:G:H:F:I:J
alleva-2021	Rv:0473	:A:B:C:D:D:E:C:F:G:C:D:D:D:E:C:F:K:G:H:F:I:J
alleva-2021	Rv:0474	:A:B:C:D:D:E:C:F:G:H|2:D:D:E:C:F:K:G:H:F:I:J
alleva-2021	Rv:0482	:A:B:C:D:D:E:C:F:K:G:H:F:I:G:F:G:H:F:G:H:F:I:J
alleva-2021	Rv:0490	:A:B:C:D|4:F:G:H:F:I:J
alleva-2021	Rv:0494	:A:B:C:D:D:E:C:F:G:K:F:K:G:H:F:I:J
alleva-2021	Rv:0503	:A:B:C:D:D:E:C:F:G:K:E:C:F:G:H:F:I:J
alleva-2021	Rv:0504	:A:B:C:D:D:E:C:F:G:H|k|2:K:G:H:F:I:J
alleva-2021	Rv:0515	:A:B:C:D:D:E:C:F:G|g:F:I:F:Q|d:K:Q:I:J
alleva-2021	Rv:0519	:A:B:C:D:D:E:C:F:G:H:G:H:G:G:K:G:H:F:I:J
alleva-2021	Rv:0061	:A:B:C:D:D:E:C:F:G:H:F:G:K:F:Q:J
alleva-2021	Rv:0068	:A:B:C:D:D:V:C:D:D:E:C:F:G:H:F:I:J
alleva-2021	Rv:0093	:A:B:C:D:D:C|b:E:C:F:G:H:F:I:J
alleva-2021	Rv:0148	:A:B:C:D:D:E:C:C:F:K:H:L:H:I
alleva-2021	Rv:0149	:A:B:C:D:D:C:E:C:F:G:H:F:I:J
alleva-2021	Rv:0150	:A:B:C:D:D:C:C:C:F:G:H:F:I:J
alleva-2021	Rv:0166	:A:B:C:D:D:C:D:E:C:F:G:H:F:I:J
alleva-2021	Rv:0181	:A:B:C:D:D:C:C:D:D:E:C:F:G:H:F:I:J
alleva-2021	Rv:0246	:A:B:C:D:D:E:D:R:C:F:K:H:L:H:I:J
alleva-2021	Rv:0253	:A:B:C:D:R:D:D:E:C:F:G:H:F:I:J
alleva-2021	Rv:0257	:A:B:C:D:D:E:C:F:G:H:F:Q:H:I:J
alleva-2021	Rv:0259	:A:B:C:D:R:C:F:D:D:E:C:F:G:H:F:I:J
alleva-2021	Rv:0270	:A:B:C:D:D:C:C:C:F:G:H:L:H:I:J
alleva-2021	Rv:0272	:A:B:C:D:D:C:C:F:K:H:L:H:Q:F:J
alleva-2021	Rv:0350	:A:B:C:D:D:E:C:F:G:H:F:Q:H:L:O:I:J
alleva-2021	Rv:0355	:A:B:C:D:D:C:C:F:K:H:L:H:F:G:H:F:I:J
alleva-2021	Rv:0375	:A:B:C:D:D:C:C:D:R:C:F:K:H:L:H:I:J
alleva-2021	Rv:0401	:A:B:C:D:D:C:C:E:C:F:G:H:F:I:J
alleva-2021	Rv:0405	:A:B:C:D:D:C:C:F:K:H:L:H:F:I:J
alleva-2021	Rv:0412	:A:B:C:D:D:C:C:F:E:C:F:G:H:F:I:J
alleva-2021	Rv:0447	:A:B:C:D:D:E:C:F:K:G:H:E:C:F:G:H:F:I:J
alleva-2021	Rv:0449	:A:B:C:D:D:E:C:F:K:G:H:F:C:F:G:H:F:I:J
alleva-2021	Rv:0454	:A:B:C:D:D:E:C:F:Q:K:G:H:F:I:J
alleva-2021	Rv:0457	:A:B:C:D:D:E:C:F:G:D:D:E:C:F:K:G:H:F:I:J
alleva-2021	Rv:0458	:A:B:C:D:D:E:C:F:G:K:G:H:F:I:J
alleva-2021	Rv:0460	:A:B:C:D:D:E:C:F:K:F:G:H:F:I:J
alleva-2021	Rv:0480	:A:B:C:D:D:E:C:F:K:G:H:B:C:D:D:E:C:F:G:H:F:I:J
alleva-2021	Rv:0481	:A:B:C:D:D:E:C:F:K:G:F:G:H:F:I:J
alleva-2021	Rv:0542	:A:B:C:D:D:E:C:F:G:H:K:G:H:F:I:J
alleva-2021	Uv:0289	:A:B:C:D:D:C:C:F:K:H|r|8
alleva-2021	Uv:0452	:A:B:C:D:D:E:C:F|g|g:G:H:F:I:J
alleva-2021	Uv:0488	:A:B:C:D:D:E:C:F:H:I:J
alleva-2021	Uv:0292	:A:B:C:D:D:C:C:F:K:H:L:J
alleva-2021	baudat_F	:A:B:C:D:D:E:C:C:F:M:J
alleva-2021	baudat_H	:A:B:C:D:N:C:F:G:G:H:F:I:J
alleva-2021	baudat_I	:A:B:C:D:D:C:C:F:K:H:L:H:H:H:I:J
berg-2010	A	ABCDDECFGHFIJ
berg-2010	B	ABCDDCCFGHFIJ
berg-2010	C	ABCDDCCFKHLHIJ
berg-2010	D	ABCDDECFKGHFIJ
berg-2010	E	ABCDHFIJ
berg-2010	L1	ABCDGHFIJ
berg-2010	L2	ABCDDCFGHFIJ
berg-2010	L3	ABCDECFGHFIJ
berg-2010	L4	ABCDDCCCDDCFKHLHIJ
berg-2010	L5	ABCDDECFIJ
berg-2010	L6	ABCDDCCCFKHLOIJ
berg-2010	L7	ABCDDCCFGHFJ
berg-2010	L8	ABCDDECCFKHLHIJ
berg-2010	L9	ABCDDECFGPFQJ
berg-2010	L10	ACDDECFGHFIJ
berg-2010	L11	ABCDDECFGHIJ
berg-2010	L12	ABCDDCCCFGHFJ
berg-2010	L13	ABCDDECFGHQIJ
berg-2010	L14	ABCDDCCFKHLOIJ
berg-2010	L15	ABCDDCCFKHLHI
berg-2010	L16	ABCDRCFKHLHIJ
berg-2010	L17	ABCDDKCCFKHLHIJ
berg-2010	L18	ABDDSCFKHLOIJ
berg-2010	L19	ABCDDCCFKHLHQIJ
berg-2010	L20	ABCDDECFGKFQJ
berg-2010	L21	ABCDDEECFGHFIJ
berg-2010	L22	ABCDDECFGHHFIJ
berg-2010	L23	ABCDDECFFHFQJ
berg-2010	L24	ABCDDECFTPFQJ
berg-2011	A	ABCDDECFGHFIJ
berg-2011	B	ABCDDCCFGHFIJ
berg-2011	C	ABCDDCCFKHLHIJ
berg-2011	D	ABCDDECFKGHFIJ
berg-2011	E	ABCDHFIJ
berg-2011	L1	ABCDGHFIJ
berg-2011	L2	ABCDDCFGHFIJ
berg-2011	L3	ABCDECFGHFIJ
berg-2011	L4	ABCDDCCCDDCFKHLHIJ
berg-2011	L5	ABCDDECFIJ
berg-2011	L6	ABCDDCCCFKHLOIJ
berg-2011	L7	ABCDDCCFGHFJ
berg-2011	L8	ABCDDECCFKHLHIJ
berg-2011	L9	ABCDDECFGPFQJ
berg-2011	L10	ACDDECFGHFIJ
berg-2011	L11	ABCDDECFGHIJ
berg-2011	L12	ABCDDCCCFGHFJ
berg-2011	L13	ABCDDECFGHQIJ
berg-2011	L14	ABCDDCCFKHLOIJ
berg-2011	L15	ABCDDCCFKHLHI
berg-2011	L16	ABCDRCFKHLHIJ
berg-2011	L17	ABCDDKCCFKHLHIJ
berg-2011	L18	ABDDSCFKHLOIJ
berg-2011	L19	ABCDDCCFKHLHQIJ
berg-2011	L20	ABCDDECFGKFQJ
berg-2011	L21	ABCDDEECFGHFIJ
berg-2011	L22	ABCDDECFGHHFIJ
berg-2011	L23	ABCDDECFFHFQJ
berg-2011	L24	ABCDDECFTPFQJ
berg-2011	L25	ABCDDECFUHFIJ
berg-2011	L26	ABCDDECFGHFQJ
berg-2011	L27	ABCDDVCFGHFIJ
borel-2012	A	ABCDDECFGHFIJ
borel-2012	B	ABCDDCCFGHFIJ
borel-2012	C	ABCDDCCFKHLHIJ
borel-2012	D	ABCDDECFKGHFIJ
borel-2012	E	ABCDHFIJ
borel-2012	F	ABCDDECCFMJ
borel-2012	I	ABCCDCCFKHLHHHIJ
borel-2012	L1	ABCDGHFIJ
borel-2012	L19	ABCDDCCFKHLHQIJ
borel-2012	L28	ABCDGHFIGHFIJ
borel-2012	L29	ABCDECDCCFGHFIJ
borel-2012	L30	ABCDDHCFKHLHIJ
borel-2012	L31	ABECFGHFIJ
hussin-2013	L32	abcvdecfghfij
hussin-2013	L33	abcdddecfghfij
hussin-2013	L34	abcddecfghfwj
hussin-2013	L35	abcddecxghfij
hussin-2013	L36	abrddecfghfij
hussin-2013	L37	abcddecfghfqj
hussin-2013	L38	abcddecughfqj
jeffreys-2013	Jeffreys001	1KHLHIJ
jeffreys-2013	Jeffreys002	ABBCDDCCFKHLHIJ
jeffreys-2013	Jeffreys003	ABCCBCDDVCFGHFIJ
jeffreys-2013	Jeffreys004	ABCCCCDDCCFKHLOIJ
jeffreys-2013	Jeffreys005	ABCCCCDDECFGHFIJ
jeffreys-2013	Jeffreys006	ABCCCFKHLHI
jeffreys-2013	Jeffreys007	ABCCCbDCCFKHLOIJ
jeffreys-2013	Jeffreys008	ABCCDDCCFKHLHIJ
jeffreys-2013	Jeffreys009	ABCCDDECFGHFIJ
jeffreys-2013	Jeffreys010	ABCCDDECFKGHFIJ
jeffreys-2013	Jeffreys011	ABCCDDElCDDECFGHFIJ
jeffreys-2013	Jeffreys012	ABCCFGHFIJ
jeffreys-2013	Jeffreys013	ABCCFKHLHI
jeffreys-2013	Jeffreys014	ABCCFKHLHIJ
jeffreys-2013	Jeffreys015	ABCD4FGHFIJ
jeffreys-2013	Jeffreys016	ABCDCCCDDCCFKHLOIJ
jeffreys-2013	Jeffreys017	ABCDCCDCbDECFGHFIJ
jeffreys-2013	Jeffreys018	ABCDCCFKHLHI
jeffreys-2013	Jeffreys019	ABCDCCFKHLHIJ
jeffreys-2013	Jeffreys020	ABCDCCFKHLOIJ
jeffreys-2013	Jeffreys021	ABCDCDDCCCFGHFJ
jeffreys-2013	Jeffreys022	ABCDCDDCCFKHLHIJ
jeffreys-2013	Jeffreys023	ABCDCDDECDCDDECFGHFIJ
jeffreys-2013	Jeffreys024	ABCDCDDECFGHFIJ
jeffreys-2013	Jeffreys025	ABCDCDRCFKHLHIJ
jeffreys-2013	Jeffreys026	ABCDDBb3BbDCCFKHLHIJ
jeffreys-2013	Jeffreys027	ABCDDC6IJ
jeffreys-2013	Jeffreys028	ABCDDCCCCCCFGHFJ
jeffreys-2013	Jeffreys029	ABCDDCCCCDNCFGHFIJ
jeffreys-2013	Jeffreys030	ABCDDCCCDDCDDCCFKHLHIJ
jeffreys-2013	Jeffreys031	ABCDDCCCECFGHFIJ
jeffreys-2013	Jeffreys032	ABCDDCCCFFKHLOIJ
jeffreys-2013	Jeffreys033	ABCDDCCCFGCECFGHFIJ
jeffreys-2013	Jeffreys034	ABCDDCCCFGFFGFFGHFJ
jeffreys-2013	Jeffreys035	ABCDDCCCFGGkHFJ
jeffreys-2013	Jeffreys036	ABCDDCCCFGHFFGHFHdJ
jeffreys-2013	Jeffreys037	ABCDDCCCFGHFFGHFJ
jeffreys-2013	Jeffreys038	ABCDDCCCFGHFGHFJ
jeffreys-2013	Jeffreys039	ABCDDCCCFGHFIJ
jeffreys-2013	Jeffreys040	ABCDDCCCFGHFJ
jeffreys-2013	Jeffreys041	ABCDDCCCFGHFKHHQJ
jeffreys-2013	Jeffreys042	ABCDDCCCFGHGHFJ
jeffreys-2013	Jeffreys043	ABCDDCCCFGHGHGGHLHIJ
jeffreys-2013	Jeffreys044	ABCDDCCCFGHLHIJ
jeffreys-2013	Jeffreys045	ABCDDCCCFGHdQQJ
jeffreys-2013	Jeffreys046	ABCDDCCCFGKHgHFJ
jeffreys-2013	Jeffreys047	ABCDDCCCFHFGHFJ
jeffreys-2013	Jeffreys048	ABCDDCCCFKHLHI
jeffreys-2013	Jeffreys049	ABCDDCCCFKHLHIJ
jeffreys-2013	Jeffreys050	ABCDDCCCFKHLOIJ
jeffreys-2013	Jeffreys051	ABCDDCCCFKHRCFKHLHIJ
jeffreys-2013	Jeffreys052	ABCDDCCDDCCCCFKHLOIJ
jeffreys-2013	Jeffreys053	ABCDDCCDDCCCFGHFJ
jeffreys-2013	Jeffreys054	ABCDDCCDDCCFKHLHIJ
jeffreys-2013	Jeffreys055	ABCDDCCDDECFGHFIJ
jeffreys-2013	Jeffreys056	ABCDDCCDRCFKHLHIJ
jeffreys-2013	Jeffreys057	ABCDDCCECFGHFIJ
jeffreys-2013	Jeffreys058	ABCDDCCF5DDCCDDCCKHLHIJ
jeffreys-2013	Jeffreys059	ABCDDCCF7IJ
jeffreys-2013	Jeffreys060	ABCDDCCFCFKHLOIJ
jeffreys-2013	Jeffreys061	ABCDDCCFECFGHFIJ
jeffreys-2013	Jeffreys062	ABCDDCCFFKHLHIJ
jeffreys-2013	Jeffreys063	ABCDDCCFFKHLOIJ
jeffreys-2013	Jeffreys064	ABCDDCCFGHKHLOIJ
jeffreys-2013	Jeffreys065	ABCDDCCFGKHLHI
jeffreys-2013	Jeffreys066	ABCDDCCFGKHLOIJ
jeffreys-2013	Jeffreys067	ABCDDCCFHKHLOIJ
jeffreys-2013	Jeffreys068	ABCDDCCFHLHI
jeffreys-2013	Jeffreys069	ABCDDCCFHLHIJ
jeffreys-2013	Jeffreys070	ABCDDCCFHLKHLOIJ
jeffreys-2013	Jeffreys071	ABCDDCCFJ
jeffreys-2013	Jeffreys072	ABCDDCCFK4L4LHIJ
jeffreys-2013	Jeffreys073	ABCDDCCFKCCFKHLHIJ
jeffreys-2013	Jeffreys074	ABCDDCCFKCFKHLOIJ
jeffreys-2013	Jeffreys075	ABCDDCCFKH&LHIJ
jeffreys-2013	Jeffreys076	ABCDDCCFKH2CHLHIJ
jeffreys-2013	Jeffreys077	ABCDDCCFKHCCFKHHLHI
jeffreys-2013	Jeffreys078	ABCDDCCFKHCCFKHLOIJ
jeffreys-2013	Jeffreys079	ABCDDCCFKHCDDCCFKHLHIJ
jeffreys-2013	Jeffreys080	ABCDDCCFKHCFFKHkLHIJ
jeffreys-2013	Jeffreys081	ABCDDCCFKHCFKHHsLHIJ
jeffreys-2013	Jeffreys082	ABCDDCCFKHCFKHLHIJ
jeffreys-2013	Jeffreys083	ABCDDCCFKHCFKHLOIJ
jeffreys-2013	Jeffreys084	ABCDDCCFKHCFKOIJ
jeffreys-2013	Jeffreys085	ABCDDCCFKHCHLHIJ
jeffreys-2013	Jeffreys086	ABCDDCCFKHCLHIJ
jeffreys-2013	Jeffreys087	ABCDDCCFKHDCCFKHLHI
jeffreys-2013	Jeffreys088	ABCDDCCFKHDDCCFKHLHI
jeffreys-2013	Jeffreys089	ABCDDCCFKHDDCCFKHLOIJ
jeffreys-2013	Jeffreys090	ABCDDCCFKHFGHLHI
jeffreys-2013	Jeffreys091	ABCDDCCFKHFHLHI
jeffreys-2013	Jeffreys092	ABCDDCCFKHFK2FKHLOIJ
jeffreys-2013	Jeffreys093	ABCDDCCFKHFKHLFKHLHI
jeffreys-2013	Jeffreys094	ABCDDCCFKHFLHELHI
jeffreys-2013	Jeffreys095	ABCDDCCFKHFLHIJ
jeffreys-2013	Jeffreys096	ABCDDCCFKHHI
jeffreys-2013	Jeffreys097	ABCDDCCFKHHIJ
jeffreys-2013	Jeffreys098	ABCDDCCFKHHKKHHLOIJ
jeffreys-2013	Jeffreys099	ABCDDCCFKHHLHIJ
jeffreys-2013	Jeffreys100	ABCDDCCFKHI
jeffreys-2013	Jeffreys101	ABCDDCCFKHIJ
jeffreys-2013	Jeffreys102	ABCDDCCFKHKHLOIJ
jeffreys-2013	Jeffreys103	ABCDDCCFKHKKGLOIJ
jeffreys-2013	Jeffreys104	ABCDDCCFKHKKHKHLHIJ
jeffreys-2013	Jeffreys105	ABCDDCCFKHLEEOIJ
jeffreys-2013	Jeffreys106	ABCDDCCFKHLFKHIJ
jeffreys-2013	Jeffreys107	ABCDDCCFKHLFKHLHIJ
jeffreys-2013	Jeffreys108	ABCDDCCFKHLFLFHI
jeffreys-2013	Jeffreys109	ABCDDCCFKHLHCCIJ
jeffreys-2013	Jeffreys110	ABCDDCCFKHLHCFKHKHLHIJ
jeffreys-2013	Jeffreys111	ABCDDCCFKHLHCFKHLHI
jeffreys-2013	Jeffreys112	ABCDDCCFKHLHCFKOIJ
jeffreys-2013	Jeffreys113	ABCDDCCFKHLHCKHLLOIJ
jeffreys-2013	Jeffreys114	ABCDDCCFKHLHFGHFIJ
jeffreys-2013	Jeffreys115	ABCDDCCFKHLHFIJ
jeffreys-2013	Jeffreys116	ABCDDCCFKHLHFKHLHLOIJ
jeffreys-2013	Jeffreys117	ABCDDCCFKHLHHIJ
jeffreys-2013	Jeffreys118	ABCDDCCFKHLHHLHIJ
jeffreys-2013	Jeffreys119	ABCDDCCFKHLHI
jeffreys-2013	Jeffreys120	ABCDDCCFKHLHI9IJ
jeffreys-2013	Jeffreys121	ABCDDCCFKHLHIJ
jeffreys-2013	Jeffreys122	ABCDDCCFKHLHIJJ
jeffreys-2013	Jeffreys123	ABCDDCCFKHLHIdJ
jeffreys-2013	Jeffreys124	ABCDDCCFKHLHIxIJ
jeffreys-2013	Jeffreys125	ABCDDCCFKHLHI§FKHLHIJ
jeffreys-2013	Jeffreys126	ABCDDCCFKHLHKHLHKHLHIJ
jeffreys-2013	Jeffreys127	ABCDDCCFKHLHLHHIJ
jeffreys-2013	Jeffreys128	ABCDDCCFKHLHLHIJ
jeffreys-2013	Jeffreys129	ABCDDCCFKHLHLHOIJ
jeffreys-2013	Jeffreys130	ABCDDCCFKHLHLIJ
jeffreys-2013	Jeffreys131	ABCDDCCFKHLHLLHLLHIJ
jeffreys-2013	Jeffreys132	ABCDDCCFKHLHLOIJ
jeffreys-2013	Jeffreys133	ABCDDCCFKHLHLhIJ
jeffreys-2013	Jeffreys134	ABCDDCCFKHLHLqJ
jeffreys-2013	Jeffreys135	ABCDDCCFKHLHOIJ
jeffreys-2013	Jeffreys136	ABCDDCCFKHLHQFJ
jeffreys-2013	Jeffreys137	ABCDDCCFKHLHQHIJ
jeffreys-2013	Jeffreys138	ABCDDCCFKHLHQIJ
jeffreys-2013	Jeffreys139	ABCDDCCFKHLHQKHLHIJ
jeffreys-2013	Jeffreys140	ABCDDCCFKHLHQLHIJ
jeffreys-2013	Jeffreys141	ABCDDCCFKHLHQQHIJ
jeffreys-2013	Jeffreys142	ABCDDCCFKHLHvI
jeffreys-2013	Jeffreys143	ABCDDCCFKHLHxI
jeffreys-2013	Jeffreys144	ABCDDCCFKHLI
jeffreys-2013	Jeffreys145	ABCDDCCFKHLIJ
jeffreys-2013	Jeffreys146	ABCDDCCFKHLJ
jeffreys-2013	Jeffreys147	ABCDDCCFKHLKHEHIJ
jeffreys-2013	Jeffreys148	ABCDDCCFKHLKHIJ
jeffreys-2013	Jeffreys149	ABCDDCCFKHLKHLHIJ
jeffreys-2013	Jeffreys150	ABCDDCCFKHLKHLHLqJ
jeffreys-2013	Jeffreys151	ABCDDCCFKHLKHLOIJ
jeffreys-2013	Jeffreys152	ABCDDCCFKHLKQvHLHdJ
jeffreys-2013	Jeffreys153	ABCDDCCFKHLLECFKOIJ
jeffreys-2013	Jeffreys154	ABCDDCCFKHLLELOIJ
jeffreys-2013	Jeffreys155	ABCDDCCFKHLLHIJ
jeffreys-2013	Jeffreys156	ABCDDCCFKHLLKHLHIJ
jeffreys-2013	Jeffreys157	ABCDDCCFKHLLKHLLHIJ
jeffreys-2013	Jeffreys158	ABCDDCCFKHLLLHIJ
jeffreys-2013	Jeffreys159	ABCDDCCFKHLLOIJ
jeffreys-2013	Jeffreys160	ABCDDCCFKHLNEHI
jeffreys-2013	Jeffreys161	ABCDDCCFKHLOH!IJ
jeffreys-2013	Jeffreys162	ABCDDCCFKHLOHLOIJ
jeffreys-2013	Jeffreys163	ABCDDCCFKHLOIIIJ
jeffreys-2013	Jeffreys164	ABCDDCCFKHLOIJ
jeffreys-2013	Jeffreys165	ABCDDCCFKHLOILLOIJ
jeffreys-2013	Jeffreys166	ABCDDCCFKHLOLHLHIJ
jeffreys-2013	Jeffreys167	ABCDDCCFKHLOLOIJ
jeffreys-2013	Jeffreys168	ABCDDCCFKHLOQHLOIJ
jeffreys-2013	Jeffreys169	ABCDDCCFKHLOQHQHIJ
jeffreys-2013	Jeffreys170	ABCDDCCFKHLOQIJ
jeffreys-2013	Jeffreys171	ABCDDCCFKHLOQLOIJ
jeffreys-2013	Jeffreys172	ABCDDCCFKHLOQOIJ
jeffreys-2013	Jeffreys173	ABCDDCCFKHLgHLHIJ
jeffreys-2013	Jeffreys174	ABCDDCCFKHLghIJ
jeffreys-2013	Jeffreys175	ABCDDCCFKHLq
jeffreys-2013	Jeffreys176	ABCDDCCFKHLqJ
jeffreys-2013	Jeffreys177	ABCDDCCFKHLqLHCHIJ
jeffreys-2013	Jeffreys178	ABCDDCCFKHLqQIJ
jeffreys-2013	Jeffreys179	ABCDDCCFKHL£IJJ
jeffreys-2013	Jeffreys180	ABCDDCCFKHOIJ
jeffreys-2013	Jeffreys181	ABCDDCCFKHr
jeffreys-2013	Jeffreys182	ABCDDCCFKHr8
jeffreys-2013	Jeffreys183	ABCDDCCFKIJ
jeffreys-2013	Jeffreys184	ABCDDCCFKJ
jeffreys-2013	Jeffreys185	ABCDDCCFKKCFKHLOIJ
jeffreys-2013	Jeffreys186	ABCDDCCFKKHLHIJ
jeffreys-2013	Jeffreys187	ABCDDCCFKKHLOIJ
jeffreys-2013	Jeffreys188	ABCDDCCFKKKFKFFKHLHIJ
jeffreys-2013	Jeffreys189	ABCDDCCFKLCRLCFKHLOIJ
jeffreys-2013	Jeffreys190	ABCDDCCFKLHI
jeffreys-2013	Jeffreys191	ABCDDCCFKLHIJ
jeffreys-2013	Jeffreys192	ABCDDCCFKLHLHIJ
jeffreys-2013	Jeffreys193	ABCDDCCFKLOIJ
jeffreys-2013	Jeffreys194	ABCDDCCFKLkLHLHI
jeffreys-2013	Jeffreys195	ABCDDCCFKOIJ
jeffreys-2013	Jeffreys196	ABCDDCCFKOQFLOIJ
jeffreys-2013	Jeffreys197	ABCDDCCFKgLKgLHLOIJ
jeffreys-2013	Jeffreys198	ABCDDCCFLHI
jeffreys-2013	Jeffreys199	ABCDDCCFLHIJ
jeffreys-2013	Jeffreys200	ABCDDCCFRFKHLOIJ
jeffreys-2013	Jeffreys201	ABCDDCCFgHFKHLHI
jeffreys-2013	Jeffreys202	ABCDDCCFsFFKHLOIJ
jeffreys-2013	Jeffreys203	ABCDDCCGFKHLHI
jeffreys-2013	Jeffreys204	ABCDDCCHIJ
jeffreys-2013	Jeffreys205	ABCDDCCKHLHIJ
jeffreys-2013	Jeffreys206	ABCDDCCLHIJ
jeffreys-2013	Jeffreys207	ABCDDCCRDRCFKHLHIJ
jeffreys-2013	Jeffreys208	ABCDDCCdJ
jeffreys-2013	Jeffreys209	ABCDDCChHFyFKHLHI
jeffreys-2013	Jeffreys210	ABCDDCDDCCCFGHFJ
jeffreys-2013	Jeffreys211	ABCDDCDDCCFKHLHI
jeffreys-2013	Jeffreys212	ABCDDCDDCCFKHLHIJ
jeffreys-2013	Jeffreys213	ABCDDCDDCCFKHLOIJ
jeffreys-2013	Jeffreys214	ABCDDCDDCHCFKHLOIJ
jeffreys-2013	Jeffreys215	ABCDDCDDDCDDECFGHFIJ
jeffreys-2013	Jeffreys216	ABCDDCDDECFGHFIJ
jeffreys-2013	Jeffreys217	ABCDDCDDEEDDCDDECFGHFIJ
jeffreys-2013	Jeffreys218	ABCDDCDDNCFGHFIJ
jeffreys-2013	Jeffreys219	ABCDDCDECFGHFIJ
jeffreys-2013	Jeffreys220	ABCDDCDRCFKHLHIJ
jeffreys-2013	Jeffreys221	ABCDDCECFGHFIJ
jeffreys-2013	Jeffreys222	ABCDDCFGHFIJ
jeffreys-2013	Jeffreys223	ABCDDCFGkDDCECFGHFIJ
jeffreys-2013	Jeffreys224	ABCDDCFKHLHI
jeffreys-2013	Jeffreys225	ABCDDCFKHLHIJ
jeffreys-2013	Jeffreys226	ABCDDCFKHLOIJ
jeffreys-2013	Jeffreys227	ABCDDCLHIJ
jeffreys-2013	Jeffreys228	ABCDDCRCFKHLHIJ
jeffreys-2013	Jeffreys229	ABCDDCRCFKHLOIJ
jeffreys-2013	Jeffreys230	ABCDDCbCCFKHLHIJ
jeffreys-2013	Jeffreys231	ABCDDCbDCCFKHLHI
jeffreys-2013	Jeffreys232	ABCDDCbECFGHFIJ
jeffreys-2013	Jeffreys233	ABCDDCbRDDECFGHFIJ
jeffreys-2013	Jeffreys234	ABCDDCjCCFKHLHIJ
jeffreys-2013	Jeffreys235	ABCDDCjCFKHLOIJ
jeffreys-2013	Jeffreys236	ABCDDDCCFGHFIJ
jeffreys-2013	Jeffreys237	ABCDDDCCFKHLHI
jeffreys-2013	Jeffreys238	ABCDDDCCFKHLHIJ
jeffreys-2013	Jeffreys239	ABCDDDCCFKHLOIJ
jeffreys-2013	Jeffreys240	ABCDDDCDDECFGHFIJ
jeffreys-2013	Jeffreys241	ABCDDDDCCFKHLHIJ
jeffreys-2013	Jeffreys242	ABCDDDDCDDCCFKHLOIJ
jeffreys-2013	Jeffreys243	ABCDDDDDCCFKHLHIJ
jeffreys-2013	Jeffreys244	ABCDDDDECFGHFIJ
jeffreys-2013	Jeffreys245	ABCDDDECFGHFIJ
jeffreys-2013	Jeffreys246	ABCDDDECFKGHFIJ
jeffreys-2013	Jeffreys247	ABCDDDFKHLHIJ
jeffreys-2013	Jeffreys248	ABCDDDRCCFKHLHIJ
jeffreys-2013	Jeffreys249	ABCDDDRCbDRCFKHLHIJ
jeffreys-2013	Jeffreys250	ABCDDDRDDCCFKHLHIJ
jeffreys-2013	Jeffreys251	ABCDDDVRDDVCFGHFIJ
jeffreys-2013	Jeffreys252	ABCDDDjDDECFKGHFIJ
jeffreys-2013	Jeffreys253	ABCDDDjjjDDCCFKHLOIJ
jeffreys-2013	Jeffreys254	ABCDDECCCFGHFIJ
jeffreys-2013	Jeffreys255	ABCDDECCDECCFTPFQJ
jeffreys-2013	Jeffreys256	ABCDDECCDECFGHFIJ
jeffreys-2013	Jeffreys257	ABCDDECCFGHFIJ
jeffreys-2013	Jeffreys258	ABCDDECCFKGHFIJ
jeffreys-2013	Jeffreys259	ABCDDECCFKHLHI
jeffreys-2013	Jeffreys260	ABCDDECDDECFGHFIJ
jeffreys-2013	Jeffreys261	ABCDDECDDECFKGHFIJ
jeffreys-2013	Jeffreys262	ABCDDECDDECFTPFQJ
jeffreys-2013	Jeffreys263	ABCDDECDgKGHFIJ
jeffreys-2013	Jeffreys264	ABCDDECECCFKHLHIJ
jeffreys-2013	Jeffreys265	ABCDDECECFGHFIJ
jeffreys-2013	Jeffreys266	ABCDDECFCFGKFQJ
jeffreys-2013	Jeffreys267	ABCDDECFCFKGHFIJ
jeffreys-2013	Jeffreys268	ABCDDECFDCFKGHFIJ
jeffreys-2013	Jeffreys269	ABCDDECFDDDECFGHFIJ
jeffreys-2013	Jeffreys270	ABCDDECFDECFGHFIJ
jeffreys-2013	Jeffreys271	ABCDDECFEECFGHFIJ
jeffreys-2013	Jeffreys272	ABCDDECFFGHFIJ
jeffreys-2013	Jeffreys273	ABCDDECFFIJ
jeffreys-2013	Jeffreys274	ABCDDECFFKGHFIJ
jeffreys-2013	Jeffreys275	ABCDDECFGCDDDECFKGHFIJ
jeffreys-2013	Jeffreys276	ABCDDECFGCFGHFIJ
jeffreys-2013	Jeffreys277	ABCDDECFGCFHFIJ
jeffreys-2013	Jeffreys278	ABCDDECFGDDECFKGHFIJ
jeffreys-2013	Jeffreys279	ABCDDECFGECFGFGKFQJ
jeffreys-2013	Jeffreys280	ABCDDECFGFGFKGHFIJ
jeffreys-2013	Jeffreys281	ABCDDECFGFGHFIJ
jeffreys-2013	Jeffreys282	ABCDDECFGFHFIJ
jeffreys-2013	Jeffreys283	ABCDDECFGFIJ
jeffreys-2013	Jeffreys284	ABCDDECFGGECFGHFIJ
jeffreys-2013	Jeffreys285	ABCDDECFGGGHFIJ
jeffreys-2013	Jeffreys286	ABCDDECFGGGQCFKGHFIJ
jeffreys-2013	Jeffreys287	ABCDDECFGGHFIJ
jeffreys-2013	Jeffreys288	ABCDDECFGH2DDECFKGHFIJ
jeffreys-2013	Jeffreys289	ABCDDECFGHDDECFHDDECFIJ
jeffreys-2013	Jeffreys290	ABCDDECFGHDECFDECFGHFIJ
jeffreys-2013	Jeffreys291	ABCDDECFGHF@QQOIJ
jeffreys-2013	Jeffreys292	ABCDDECFGHFCFGHFFIJ
jeffreys-2013	Jeffreys293	ABCDDECFGHFFIJ
jeffreys-2013	Jeffreys294	ABCDDECFGHFGHFIJ
jeffreys-2013	Jeffreys295	ABCDDECFGHFGKFIJ
jeffreys-2013	Jeffreys296	ABCDDECFGHFGKFQJ
jeffreys-2013	Jeffreys297	ABCDDECFGHFHFGFIJ
jeffreys-2013	Jeffreys298	ABCDDECFGHFHFIJ
jeffreys-2013	Jeffreys299	ABCDDECFGHFHdJ
jeffreys-2013	Jeffreys300	ABCDDECFGHFHkIJ
jeffreys-2013	Jeffreys301	ABCDDECFGHFI
jeffreys-2013	Jeffreys302	ABCDDECFGHFIHFHFIJ
jeffreys-2013	Jeffreys303	ABCDDECFGHFIHFIHFIJ
jeffreys-2013	Jeffreys304	ABCDDECFGHFIJ
jeffreys-2013	Jeffreys305	ABCDDECFGHFIJJ
jeffreys-2013	Jeffreys306	ABCDDECFGHFIJgGHIJ
jeffreys-2013	Jeffreys307	ABCDDECFGHFIQFGHFIJ
jeffreys-2013	Jeffreys308	ABCDDECFGHFIQIJ
jeffreys-2013	Jeffreys309	ABCDDECFGHFIdJ
jeffreys-2013	Jeffreys310	ABCDDECFGHFIwJ
jeffreys-2013	Jeffreys311	ABCDDECFGHFIxHFIJ
jeffreys-2013	Jeffreys312	ABCDDECFGHFJ
jeffreys-2013	Jeffreys313	ABCDDECFGHFKFIJ
jeffreys-2013	Jeffreys314	ABCDDECFGHFOKLOIJ
jeffreys-2013	Jeffreys315	ABCDDECFGHFQFCKGHFIJ
jeffreys-2013	Jeffreys316	ABCDDECFGHFQFFGHFIJ
jeffreys-2013	Jeffreys317	ABCDDECFGHFQFIJ
jeffreys-2013	Jeffreys318	ABCDDECFGHFQFQIJ
jeffreys-2013	Jeffreys319	ABCDDECFGHFQGHFIJ
jeffreys-2013	Jeffreys320	ABCDDECFGHFQGHFQFIJ
jeffreys-2013	Jeffreys321	ABCDDECFGHFQHFIJ
jeffreys-2013	Jeffreys322	ABCDDECFGHFQHIJ
jeffreys-2013	Jeffreys323	ABCDDECFGHFQHLOIJ
jeffreys-2013	Jeffreys324	ABCDDECFGHFQIJ
jeffreys-2013	Jeffreys325	ABCDDECFGHFQQHF*IJ
jeffreys-2013	Jeffreys326	ABCDDECFGHFQQIJ
jeffreys-2013	Jeffreys327	ABCDDECFGHFQvIJ
jeffreys-2013	Jeffreys328	ABCDDECFGHFdDCFDECFGHFIJ
jeffreys-2013	Jeffreys329	ABCDDECFGHGHFIJ
jeffreys-2013	Jeffreys330	ABCDDECFGHGHGGKGHFIJ
jeffreys-2013	Jeffreys331	ABCDDECFGHGKGHFIJ
jeffreys-2013	Jeffreys332	ABCDDECFGHHFIJ
jeffreys-2013	Jeffreys333	ABCDDECFGHHFQHFIJ
jeffreys-2013	Jeffreys334	ABCDDECFGHHGHGHHFIJ
jeffreys-2013	Jeffreys335	ABCDDECFGHHLFIJ
jeffreys-2013	Jeffreys336	ABCDDECFGHIJ
jeffreys-2013	Jeffreys337	ABCDDECFGHKGHFIJ
jeffreys-2013	Jeffreys338	ABCDDECFGHbDECFKGHFIJ
jeffreys-2013	Jeffreys339	ABCDDECFGHd
jeffreys-2013	Jeffreys340	ABCDDECFGHdJ
jeffreys-2013	Jeffreys341	ABCDDECFGHhDDECFGHFGHFIJ
jeffreys-2013	Jeffreys342	ABCDDECFGHhDDECFGHFIJ
jeffreys-2013	Jeffreys343	ABCDDECFGHhQGKFIJ
jeffreys-2013	Jeffreys344	ABCDDECFGHk2KGHFIJ
jeffreys-2013	Jeffreys345	ABCDDECFGHkFFIJ
jeffreys-2013	Jeffreys346	ABCDDECFGIJ
jeffreys-2013	Jeffreys347	ABCDDECFGKECFGHFIJ
jeffreys-2013	Jeffreys348	ABCDDECFGKFFFQJ
jeffreys-2013	Jeffreys349	ABCDDECFGKFGKQJ
jeffreys-2013	Jeffreys350	ABCDDECFGKFKGHFIJ
jeffreys-2013	Jeffreys351	ABCDDECFGKFQJ
jeffreys-2013	Jeffreys352	ABCDDECFGKFQKFQJ
jeffreys-2013	Jeffreys353	ABCDDECFGKGHFIJ
jeffreys-2013	Jeffreys354	ABCDDECFGLHHFIJ
jeffreys-2013	Jeffreys355	ABCDDECFGPmHFIJ
jeffreys-2013	Jeffreys356	ABCDDECFGgFGKFQJ
jeffreys-2013	Jeffreys357	ABCDDECFGgFIFQdKQIJ
jeffreys-2013	Jeffreys358	ABCDDECFGggKGHFIJ
jeffreys-2013	Jeffreys359	ABCDDECFGkCFGHFIJ
jeffreys-2013	Jeffreys360	ABCDDECFGmGHFIJ
jeffreys-2013	Jeffreys361	ABCDDECFGoGGFGkFTPFIJ
jeffreys-2013	Jeffreys362	ABCDDECFGq
jeffreys-2013	Jeffreys363	ABCDDECFGqJ
jeffreys-2013	Jeffreys364	ABCDDECFHECFFGHFIJ
jeffreys-2013	Jeffreys365	ABCDDECFHFIJ
jeffreys-2013	Jeffreys366	ABCDDECFHIJ
jeffreys-2013	Jeffreys367	ABCDDECFHqCHHHHCKGHFIJ
jeffreys-2013	Jeffreys368	ABCDDECFIJ
jeffreys-2013	Jeffreys369	ABCDDECFKCFGHFIJ
jeffreys-2013	Jeffreys370	ABCDDECFKDDECFKGHFIJ
jeffreys-2013	Jeffreys371	ABCDDECFKFFGHFIJ
jeffreys-2013	Jeffreys372	ABCDDECFKFGHFIJ
jeffreys-2013	Jeffreys373	ABCDDECFKG:FKGHFIJ
jeffreys-2013	Jeffreys374	ABCDDECFKGDDECFKGHFIJ
jeffreys-2013	Jeffreys375	ABCDDECFKGECFKGHFIJ
jeffreys-2013	Jeffreys376	ABCDDECFKGFDECFKGHFIJ
jeffreys-2013	Jeffreys377	ABCDDECFKGFFHFIJ
jeffreys-2013	Jeffreys378	ABCDDECFKGFHFHFIJ
jeffreys-2013	Jeffreys379	ABCDDECFKGGHFIJ
jeffreys-2013	Jeffreys380	ABCDDECFKGHBCDDECFGHFIJ
jeffreys-2013	Jeffreys381	ABCDDECFKGHBCDDECFKGFIJ
jeffreys-2013	Jeffreys382	ABCDDECFKGHDDECFKGHFIJ
jeffreys-2013	Jeffreys383	ABCDDECFKGHECFGHFIJ
jeffreys-2013	Jeffreys384	ABCDDECFKGHFCFGHFIJ
jeffreys-2013	Jeffreys385	ABCDDECFKGHFCFKGHFIJ
jeffreys-2013	Jeffreys386	ABCDDECFKGHFFIJ
jeffreys-2013	Jeffreys387	ABCDDECFKGHFGHFGHFIJ
jeffreys-2013	Jeffreys388	ABCDDECFKGHFGHFIJ
jeffreys-2013	Jeffreys389	ABCDDECFKGHFHFIJ
jeffreys-2013	Jeffreys390	ABCDDECFKGHFIJ
jeffreys-2013	Jeffreys391	ABCDDECFKGHFIKKGHFIJ
jeffreys-2013	Jeffreys392	ABCDDECFKGHFIxECFKGHFIJ
jeffreys-2013	Jeffreys393	ABCDDECFKGHFQFFKGHFIJ
jeffreys-2013	Jeffreys394	ABCDDECFKGHFQFQFIJ
jeffreys-2013	Jeffreys395	ABCDDECFKGHFQGHFIJ
jeffreys-2013	Jeffreys396	ABCDDECFKGHFQIJ
jeffreys-2013	Jeffreys397	ABCDDECFKGHFQgGHFIJ
jeffreys-2013	Jeffreys398	ABCDDECFKGHFvQIJ
jeffreys-2013	Jeffreys399	ABCDDECFKGHGGHKHFIJ
jeffreys-2013	Jeffreys400	ABCDDECFKGHGKGHFIJ
jeffreys-2013	Jeffreys401	ABCDDECFKGHHFIJ
jeffreys-2013	Jeffreys402	ABCDDECFKGHHHFIJ
jeffreys-2013	Jeffreys403	ABCDDECFKGHKFIJ
jeffreys-2013	Jeffreys404	ABCDDECFKGHQHFIJ
jeffreys-2013	Jeffreys405	ABCDDECFKGHQIFIJ
jeffreys-2013	Jeffreys406	ABCDDECFKGHdFFCFKGHFIJ
jeffreys-2013	Jeffreys407	ABCDDECFKGHdGHFIJ
jeffreys-2013	Jeffreys408	ABCDDECFKGHgFIJ
jeffreys-2013	Jeffreys409	ABCDDECFKGHhhhFIJ
jeffreys-2013	Jeffreys410	ABCDDECFKGKFHFIJ
jeffreys-2013	Jeffreys411	ABCDDECFKGKGHFIJ
jeffreys-2013	Jeffreys412	ABCDDECFKGUHFIJ
jeffreys-2013	Jeffreys413	ABCDDECFKGkgkCKGHFIJ
jeffreys-2013	Jeffreys414	ABCDDECFKHFGHFIJ
jeffreys-2013	Jeffreys415	ABCDDECFKHFKFKGFKGHFIJ
jeffreys-2013	Jeffreys416	ABCDDECFKKGHFIJ
jeffreys-2013	Jeffreys417	ABCDDECFKgHFGHFIJ
jeffreys-2013	Jeffreys418	ABCDDECFKgIJ
jeffreys-2013	Jeffreys419	ABCDDECFKsCDDECgGHFIJ
jeffreys-2013	Jeffreys420	ABCDDECFQKGHFIJ
jeffreys-2013	Jeffreys421	ABCDDECFRFGHFIJ
jeffreys-2013	Jeffreys422	ABCDDECFTPFQFQJ
jeffreys-2013	Jeffreys423	ABCDDECFTPFQHFQJ
jeffreys-2013	Jeffreys424	ABCDDECFTPFQJ
jeffreys-2013	Jeffreys425	ABCDDECFTPFQTPFQJ
jeffreys-2013	Jeffreys426	ABCDDECFTPFTPFQJ
jeffreys-2013	Jeffreys427	ABCDDECFTPTPFQJ
jeffreys-2013	Jeffreys428	ABCDDECFaJ
jeffreys-2013	Jeffreys429	ABCDDECFbDECGHFIJ
jeffreys-2013	Jeffreys430	ABCDDECFgFKGHFIJ
jeffreys-2013	Jeffreys431	ABCDDECFgGHFKGHFIJ
jeffreys-2013	Jeffreys432	ABCDDECFggGHFIJ
jeffreys-2013	Jeffreys433	ABCDDECFgghGHFIJ
jeffreys-2013	Jeffreys434	ABCDDECFsFIJ
jeffreys-2013	Jeffreys435	ABCDDECFsGssGHFIJ
jeffreys-2013	Jeffreys436	ABCDDECFsKGHFIJ
jeffreys-2013	Jeffreys437	ABCDDECGHFIJ
jeffreys-2013	Jeffreys438	ABCDDECHFIJ
jeffreys-2013	Jeffreys439	ABCDDECRCFKHLHI
jeffreys-2013	Jeffreys440	ABCDDECbCDDEgGHFIJ
jeffreys-2013	Jeffreys441	ABCDDECdKKGHFIJ
jeffreys-2013	Jeffreys442	ABCDDECeECFKGHFIJ
jeffreys-2013	Jeffreys443	ABCDDEChFFGHEChFFGHFIJ
jeffreys-2013	Jeffreys444	ABCDDEC±DDECFKGHFIJ
jeffreys-2013	Jeffreys445	ABCDDEDDCFGHFIJ
jeffreys-2013	Jeffreys446	ABCDDEDDECFGHFIJ
jeffreys-2013	Jeffreys447	ABCDDEDDfDECFGHFIJ
jeffreys-2013	Jeffreys448	ABCDDEDECFGHFIJ
jeffreys-2013	Jeffreys449	ABCDDEDRCFKHLHIJ
jeffreys-2013	Jeffreys450	ABCDDEECFGHFIJ
jeffreys-2013	Jeffreys451	ABCDDEECFKGHFIJ
jeffreys-2013	Jeffreys452	ABCDDEEDDCCFGHFIJ
jeffreys-2013	Jeffreys453	ABCDDEEECFGEDEECFTPFQJ
jeffreys-2013	Jeffreys454	ABCDDEEECFGKFQJ
jeffreys-2013	Jeffreys455	ABCDDEEFIJ
jeffreys-2013	Jeffreys456	ABCDDEFGDCFGHFIJ
jeffreys-2013	Jeffreys457	ABCDDEFGFFCFGHFIJ
jeffreys-2013	Jeffreys458	ABCDDEFGHFIJ
jeffreys-2013	Jeffreys459	ABCDDEFIJ
jeffreys-2013	Jeffreys460	ABCDDEGHFIJ
jeffreys-2013	Jeffreys461	ABCDDEbECFGHFIJ
jeffreys-2013	Jeffreys462	ABCDDEbEFGHFIJ
jeffreys-2013	Jeffreys463	ABCDDEbFGHFIFFFGHFIJ
jeffreys-2013	Jeffreys464	ABCDDEbbECFGHFIJ
jeffreys-2013	Jeffreys465	ABCDDEbbEbDECFGHFIJ
jeffreys-2013	Jeffreys466	ABCDDEiiCDDECFGHFIJ
jeffreys-2013	Jeffreys467	ABCDDEjVCFGHFIJ
jeffreys-2013	Jeffreys468	ABCDDEpJ
jeffreys-2013	Jeffreys469	ABCDDFECUGHFIJ
jeffreys-2013	Jeffreys470	ABCDDFGHFIJ
jeffreys-2013	Jeffreys471	ABCDDFKHLHIJ
jeffreys-2013	Jeffreys472	ABCDDRDCCFKHLOIJ
jeffreys-2013	Jeffreys473	ABCDDRDRCFKHLHIJ
jeffreys-2013	Jeffreys474	ABCDDVCDDECFGHFIJ
jeffreys-2013	Jeffreys475	ABCDDVCFCFCFGHFIJ
jeffreys-2013	Jeffreys476	ABCDDVCFGHCDDVCFGHFIJ
jeffreys-2013	Jeffreys477	ABCDDVCFGHDVCFGHFIJ
jeffreys-2013	Jeffreys478	ABCDDVCFGHFIJ
jeffreys-2013	Jeffreys479	ABCDDVCFGHkkHkkHFIJ
jeffreys-2013	Jeffreys480	ABCDDVDDVCFGHFIJ
jeffreys-2013	Jeffreys481	ABCDDVEECFGHFIJ
jeffreys-2013	Jeffreys482	ABCDDbCCFKHLOIJ
jeffreys-2013	Jeffreys483	ABCDDbDECFGHFIJ
jeffreys-2013	Jeffreys484	ABCDDbECFGHFIJ
jeffreys-2013	Jeffreys485	ABCDDbECFKGHFIJ
jeffreys-2013	Jeffreys486	ABCDDbRCFKHLHIJ
jeffreys-2013	Jeffreys487	ABCDDfCDVCFGHFIJ
jeffreys-2013	Jeffreys488	ABCDDfCECFTPFQJ
jeffreys-2013	Jeffreys489	ABCDDfDECFGHFIJ
jeffreys-2013	Jeffreys490	ABCDDfECFGHFIJ
jeffreys-2013	Jeffreys491	ABCDECFGHFIJ
jeffreys-2013	Jeffreys492	ABCDEDDECFTPFQJ
jeffreys-2013	Jeffreys493	ABCDFCFGHFIJ
jeffreys-2013	Jeffreys494	ABCDFGHFIJ
jeffreys-2013	Jeffreys495	ABCDGHFIJ
jeffreys-2013	Jeffreys496	ABCDHFIJ
jeffreys-2013	Jeffreys497	ABCDNCFGHFIJ
jeffreys-2013	Jeffreys498	ABCDRCCCFKHLHIJ
jeffreys-2013	Jeffreys499	ABCDRCCDCCFKHLHIJ
jeffreys-2013	Jeffreys500	ABCDRCFDDECFGHFIJ
jeffreys-2013	Jeffreys501	ABCDRCFKCCFKHLHIJ
jeffreys-2013	Jeffreys502	ABCDRCFKH$KHLHIJ
jeffreys-2013	Jeffreys503	ABCDRCFKHCFKHFIJ
jeffreys-2013	Jeffreys504	ABCDRCFKHHHLHIJ
jeffreys-2013	Jeffreys505	ABCDRCFKHLHHLHIJ
jeffreys-2013	Jeffreys506	ABCDRCFKHLHI
jeffreys-2013	Jeffreys507	ABCDRCFKHLHIHIJ
jeffreys-2013	Jeffreys508	ABCDRCFKHLHIJ
jeffreys-2013	Jeffreys509	ABCDRCFKHLHRRDRCFKHLHIJ
jeffreys-2013	Jeffreys510	ABCDRCFKHLO%L&HIJ
jeffreys-2013	Jeffreys511	ABCDRCFKK4KHLHIJ
jeffreys-2013	Jeffreys512	ABCDRCFgHLHLHIJ
jeffreys-2013	Jeffreys513	ABCDRCFgkHHLHIJ
jeffreys-2013	Jeffreys514	ABCDRCLHIJ
jeffreys-2013	Jeffreys515	ABCDRDDCCFKHLHIJ
jeffreys-2013	Jeffreys516	ABCDRDDDCCFKHLHIJ
jeffreys-2013	Jeffreys517	ABCDRDDDCDDCCFKHLHI
jeffreys-2013	Jeffreys518	ABCDRDDECFGHFIJ
jeffreys-2013	Jeffreys519	ABCDRLCDRCFKHLHIJ
jeffreys-2013	Jeffreys520	ABCDRRRDDECFTPFQJ
jeffreys-2013	Jeffreys521	ABCDRiCDDECFGHFIJ
jeffreys-2013	Jeffreys522	ABCDVbDECbDVCFGHFIJ
jeffreys-2013	Jeffreys523	ABCDbDDECFGHFIJ
jeffreys-2013	Jeffreys524	ABCDjDDCCFKHLHI
jeffreys-2013	Jeffreys525	ABCDnlCDDECFGHFIJ
jeffreys-2013	Jeffreys526	ABCDzCDjzCDDCCFKHLHI
jeffreys-2013	Jeffreys527	ABCECFGHFIJ
jeffreys-2013	Jeffreys528	ABCEDDDDECFDDECFGHFIJ
jeffreys-2013	Jeffreys529	ABCFGHFIJ
jeffreys-2013	Jeffreys530	ABCFKHLHI
jeffreys-2013	Jeffreys531	ABCFKHLHIJ
jeffreys-2013	Jeffreys532	ABCFKHLOQDDCCFKHLOIJ
jeffreys-2013	Jeffreys533	ABCHFIJ
jeffreys-2013	Jeffreys534	ABCKHLHIJ
jeffreys-2013	Jeffreys535	ABCRDDCCCFKHLHIJ
jeffreys-2013	Jeffreys536	ABCRDDCCFKHLHI
jeffreys-2013	Jeffreys537	ABCbCDDECFGHFIJ
jeffreys-2013	Jeffreys538	ABCbDDDDCCFKHLHIJ
jeffreys-2013	Jeffreys539	ABCjRDDECFGHFIJ
jeffreys-2013	Jeffreys540	ABCjbjCDDCCFKHLHIJ
jeffreys-2013	Jeffreys541	ABDDCCFKHLHIJ
jeffreys-2013	Jeffreys542	ABDDCCFKHLOIJ
jeffreys-2013	Jeffreys543	ABDDCDDECFGHFIJ
jeffreys-2013	Jeffreys544	ABDDECFGHFIJ
jeffreys-2013	Jeffreys545	ABECFGHFIJ
jeffreys-2013	Jeffreys546	ABGHFIJ
jeffreys-2013	Jeffreys547	ABbCDCDCDDECFGHFIJ
jeffreys-2013	Jeffreys548	ABbDECFGHFIJ
jeffreys-2013	Jeffreys549	ABbECFGHFIJ
jeffreys-2013	Jeffreys550	ABeCDDECFGHFIJ
jeffreys-2013	Jeffreys551	ABtRDDECFGHFIJ
jeffreys-2013	Jeffreys552	ACDDCCFKHLHI
jeffreys-2013	Jeffreys553	ACDDECFGHFIJ
jeffreys-2013	Jeffreys554	ADDECFGHFIJ
jeffreys-2013	Jeffreys555	AFGHFIJ
jeffreys-2013	Jeffreys556	AcCFGHFIJ
jeffreys-2013	Jeffreys557	AcCFKHLHIJ
jeffreys-2013	Jeffreys558	AcDDECFGHFIJ
jeffreys-2013	Jeffreys559	AuCCDDCCFKHLHI
ponting-2011	A	abcddecfghfij
ponting-2011	B	abcddccfghfij
ponting-2011	C	abcddccfkhlhij
ponting-2011	D	abcddecfkghfij
ponting-2011	E	abcdhfij
ponting-2011	L1	abcdghfij
ponting-2011	L2	abcddcfghfij
ponting-2011	L3	abcdecfghfij
ponting-2011	L4	abcddcccddcfkhlhij
ponting-2011	L5	abcddecfij
ponting-2011	L6	abcddcccfkhloij
ponting-2011	L7	abcddccfghfj
ponting-2011	L8	abcddeccfkhlhij
ponting-2011	L9	abcddecfgpfqj
ponting-2011	L10	acddecfghfij
ponting-2011	L11	abcddecfghij
ponting-2011	L12	abcddcccfghfj
ponting-2011	L13	abcddecfghqij
ponting-2011	L14	abcddccfkhloij
ponting-2011	L15	abcddccfkhlhi
ponting-2011	L16	abcdrcfkhlhij
ponting-2011	L17	abcddkccfkhlhij
ponting-2011	L18	abddscfkhloij
ponting-2011	L19	abcddccfkhlhqij
ponting-2011	L20	abcddecfgkfqj
ponting-2011	L21	abcddeecfghfij
ponting-2011	L22	abcddecfghhfij
ponting-2011	L23	abcddecffhfqj
ponting-2011	L24	abcddecfthpfqj
