alleva-2021_!A	TGTGGGCGGGGCTTTAGCCGGCAGTCTGTCCTCCTCACTCACCAGAGGAGACACACAGGGGAGAAGCCCTATGTCTGCAGGGAG
alleva-2021_!B	TGTGGGCGGGGCTTTAGCCGGCAGTCAGTCCTCCTCACTCACCAGAGGAGACACACAGGGGAGAAGCCCTTTGTCTGCAGGGAG
alleva-2021_!C	TGTGGGCGGGGTTTTAGCTGGCAGTCAGTCCTCCTCAGTCACCAGAGGACACACACAGGGGAGAAGCCCTATGTCTGCAGGGAG
alleva-2021_!D	TGTGGGCGGGGCTTTAGAGATAAGTCAAACGTCCTCAGTCACCAGAGGACACACACAGGGGAGAAGCCCTATGTCTGCAGGGAG
alleva-2021_!E	TGTGGGCGGGGCTTTCGCAATAAGTCACACCTCCTCAGACACCAGAGTACACACACAGGGGAGAAGCCCTACGTCTGCAGGGAG
alleva-2021_!F	TGTGGGCGGGGCTTTAGCTGGCAGTCAGTCCTCCTCAGACACCAGAGGACACACACAGGGTAGAAGCCCTATGTCTGCAGGGAG
alleva-2021_!G	TGCGGGCGGGGCTTTAGCTGGCAGTCAGTCCTCCTCACTCACCAGAGGACACACACAGGGGAGAAGCCCTATGTCTGCAGGGAG
alleva-2021_!H	TGTGGGCGGGGCTTTAGCAATAAGTCACACCTCCTCAGACACCAGAGGACACACACAGGGAAGAAGCCCTATGTCTGCAGGGAG
alleva-2021_!I	TGTGGGCGGGGCTTTAGCCGGCAGTCAGTCCTCCATACTCACCAGAGGAGACACACAGGGGAGAAGCCCTATGTCTGCAGGGAG
alleva-2021_!J	TGTGGGCGGGGCTTTAGCTGGCAGTCAGTCCTCCTCAGTCACCAGAGGACACACACAGCGGAGAAGCCCTATGTCTGCAGGGAG
alleva-2021_!K	TGTGGGCGGGGCTTTAGCGATAGGTCAAGCCTCTGCTATCACCTGAGGACACACACAGGGGAGAAGCCCTACGTCTGCAGGGAG
alleva-2021_!L	TGTGGGCGGGGCTTTAGCTGGAAGTCACACCTCCTCATTCACCAGAGGAGACACACAGGGGAGAAGCCCTATGTCTGCAGGGAG
alleva-2021_!M	TGTGGGCGGGGCTTTAGCTGGCAGTCAGTCCTCCTCACTCACCAGAGGACACACACAGGGGAGAAGCCTTATGTCTGCAGGGAG
alleva-2021_!N	TGTGGGCGGGGCTTTAGCTGGAAGTCACACCTCCTCATTCACCAGAGGATACACATAGGGGAGAAGCCCTATGTCTGCAGGGAG
alleva-2021_:A	TGTGGACAAGGTTTCAGTGTTAAATCAGATGTTATTACACACCAAAGGACACATACAGGGGAGAAGCTCTACGTCTGCAGGGAG
alleva-2021_:B	TGTGGGCGGGGCTTTAGCTGGAAGTCACACCTCCTCATTCACCAGAGGATACACACAGGGGAGAAGCCCTATGTCTGCAGGGAG
alleva-2021_:C	TGTGGGCGGGGCTTTAGCTGGCAGTCAGTCCTCCTCACTCACCAGAGGACACACACAGGGGAGAAGCCCTATGTCTGCAGGGAG
alleva-2021_:D	TGTGGGCGGGGCTTTAGCCGGCAGTCAGTCCTCCTCACTCACCAGAGGAGACACACAGGGGAGAAGCCCTATGTCTGCAGGGAG
alleva-2021_:E	TGTGGGCGGGGCTTTAGCTGGCAGTCAGTCCTCCTCAGTCACCAGAGGACACACACAGGGGAGAAGCCCTATGTCTGCAGGGAG
alleva-2021_:F	TGTGGGCGGGGCTTTAGCAATAAGTCACACCTCCTCAGACACCAGAGGACACACACAGGGGAGAAGCCCTATGTCTGCAGGGAG
alleva-2021_:G	TGTGGGCGGGGCTTTCGCGATAAGTCACACCTCCTCAGACACCAGAGGACACACACAGGGGAGAAGCCCTATGTCTGCAGGGAG
alleva-2021_:H	TGTGGGCGGGGCTTTAGAGATAAGTCAAACCTCCTCAGTCACCAGAGGACACACACAGGGGAGAAGCCCTATGTCTGCAGGGAG
alleva-2021_:I	TGTGGGCGGGGCTTTCGCAATAAGTCACACCTCCTCAGACACCAGAGGACACACACAGGGGAGAAGCCCTACGTCTGCAGGGAG
alleva-2021_:J	TGTGGGCGGGGCTTTAGCGATAGGTCAAGCCTCTGCTATCACCAGAGGACACACACAGGGGAGAAGCCCTACGTCTGCAGGGAG
alleva-2021_:K	TGTGGGCGGGGCTTTAGAGATAAGTCACACCTCCTCAGTCACCAGAGGACACACACAGGGGAGAAGCCCTATGTCTGCAGGGAG
alleva-2021_:L	TGTGGGCGGGGCTTTAGCTGGCAGTCAGTCCTCCTCAGACACCAGAGGACACACACAGGGGAGAAGCCCTATGTCTGCAGGGAG
alleva-2021_:M	TGTGGGCGGGGCTTTAGAGATAAGTCACACCTCCTCAGACACCAGAGGACACACACAGGGGAGAAGCCCTACGTCTGCAGGGAG
alleva-2021_:N	TGTGGGCGGGGCTTTAGCCGGCAGTCAGTCCTCCTCAGTCACCAGAGGACACACACAGGGGAGAAGCCCTATGTCTGCAGGGAG
alleva-2021_:O	TGTGGGCGGGGCTTTAGAGATAAGTCAAACCTCCTCAGTCACCAGAGGACACACACAGGGGACAAGCCCTATGTCTGCAGGGAG
alleva-2021_:P	TGTGGGCGGGGCTTTAGAGATGAGTCAAACCTCCTCAGTCACCAGAGGACACACACAGGGGAGAAGCCCTATGTCTGCAGGGAG
alleva-2021_:Q	TGTGGGCGGGGCTTTCGCAATAAGTCACACCTCCTCAGACACCAGAGGACACACACAGGGGAGAAGCCCTATGTCTGCAGGGAG
alleva-2021_:R	TGTGGGCGGGGCTTTAGCCGGCAGTCAGTCCTCCTCACTCACCAGAGGACACACACAGGGGAGAAGCCCTATGTCTGCAGGGAG
alleva-2021_:S	TGTAGGCGGGGCTTTAGCTGGCAGTCAGTCCTCCTCACTCACCAGAGGACACACACAGGGGAGAAGCCCTATGTCTGCAGGGAG
alleva-2021_:T	TGTGGGCGGGGCTTTCGCGATAAGTCACACCTCCTCAGACACCAGAGGACACACACAGGGGAGAAGCCCTATGTTTGCAGGGAG
alleva-2021_:U	TGTGGGCGGGGCTTTAGCGATAAGTCACACCTCCTCAGACACCAGAGGACACACACAGGGGAGAAGCCCTATGTCTGCAGGGAG
alleva-2021_:V	TGTGGGCGGGGCTTTAGCTGGCAGTCAGTCCTCCTCAGTCACCAGAGGACACACACAGGGAAGAAGCCCTATGTCTGCAGGGAG
alleva-2021_|1	TGTGGACAAGGTTTCAGTGTTAAATCAGATGTTATTACACACCAAAGGACACATACAGGGGAGAAGCCCTATGTCTGCAGGGAG
alleva-2021_|2	TGTGGGCGGGGCTTTAGAGATAAGTCAAACCTCCTCACTCACCAGAGGACACACACAGGGGAGAAGCCCTATGTCTGCAGGGAG
alleva-2021_|3	TGTGGGCGGGGCTTTAGCCGGCAGTCAGTCCTCCTCACTCACCAGAGGAGACATACAGGGGAGAAGCCCTATGTCTGCAGGGAG
alleva-2021_|4	TGTGGGCGGGGCTTTAGAGATAAGTCACACCTCCTCACTCACCAGAGGACACACACAGGGGAGAAGCCCTATGTCTGCAGGGAG
alleva-2021_|5	TGTGGGCGGGGCTTTAGCAATAAGTCACACCTCCTCATTCACCAGAGGACACACACAGGGGAGAAGCCCTATGTCTGCAGGGAG
alleva-2021_|6	TGTGGGCGGGGCTTTAGCTGGCAGTCAGTCCTCCTCACTCACCAGAGGACACACACAGGGGACAAGCCCTATGTCTGCAGGGAG
alleva-2021_|7	TGTGGGCGGGGCTTTAGAGATAAGTCACACCTCCTCAGTCACCAGAGGACACACACAGGGGACAAGCCCTATGTCTGCAGGGAG
alleva-2021_|8	TGTGGGCGGGGCTTTAGAGATAGGTCAAGCCTCTGCTATCACCAGAGGACACACACAGGGGAGAAGCCCTACGTCTGCAGGGAG
alleva-2021_|9	TGTGGGCGGGGCTTTAGCGATAGGTCAAGCCTCTGCTATCACCAGAGGACACACACAGGGGACAAGCCCTATGTCTGCAGGGAG
alleva-2021_|A	TGTGGGCGGGGCTTTAGCAATAAGTCACACCTCCTCAGACACCAGAGGACACACACAGGGGACAAGCCCTATGTCTGCAGGGAG
alleva-2021_|B	TGTGGGCGGGGCTTTCGCAATAAGTCACACCTCCTCAGACACCAGAGGACACACACAGGGGACAAGCCCTATGTCTGCAGGGAG
alleva-2021_|C	TGTGGGCGGGGCTTTAGAGATAAGTCAAACCTCCTCAGACACCAGAGGACACACACAGGGGACAAGCCCTATGTCTGCAGGGAG
alleva-2021_|D	TGTGGGCGGGGCTTTAGCTGGCAGTCAGTCCTCCTCAGACACCAGAGGAGACACACAGGGGAGAAGCCCTATGTCTGCAGGGAG
alleva-2021_|E	TGTGGGCGGGGCTTTCGCAATAAGTCACACCTCCTCAGTCACCAGAGGACACACACAGGGGACAAGCCCTATGTCTGCAGGGAG
alleva-2021_|F	TGTGGGCGGGGCTTTAGCCGGCAGTCAGTCCTCCTCAGACACCAGAGGACACACACAGGGGAGAAGCCCTATGTCTGCAGGGAG
alleva-2021_|G	TGTGGGCGGGGCTTTAGAGATAGGTCAAGCCTCTGCTATCACCAGAGGACACACACAGGGGAGAAGCCCTATGTCTGCAGGGAG
alleva-2021_|H	TGTGGGCGGGGCTTTCGCAATAAGTCACACCTCCTCAGACACCAGAGGATACACACAGGGGAGAAGCCCTATGTCTGCAGGGAG
alleva-2021_|I	TGTGGGCGGGGCTTTAGCTGGCAGTCACACCTCCTCACTCACCAGAGGACACACACAGGGGAGAAGCCCTATGTCTGCAGGGAG
alleva-2021_|J	TGTGGGCGGGGCTTTAGCTGGCAGTCAGTCCTCCTCATTCACCAGAGGACACACACAGGGGAGAAGCCCTATGTCTGCAGGGAG
alleva-2021_|a	TGTGGGCGGGGCTTTCGCGATAAGTCACACCTCCTCAGACACCAGAGGACACACACAGGGGAGAAGCCCTACGTCTGCAGGGAG
alleva-2021_|b	TGTGGGCGGGGCTTTAGCTGGCAGTCAGTCCTCCTCACTCACCAGAGGAGACACACAGGGGAGAAGCCCTATGTCTGCAGGGAG
alleva-2021_|c	TGTGGGCGGGGCTTTAGCTGGAAGTCACACCTCCTCATTCACCAGAGGACACACACAGGGGAGAAGCCCTATGTCTGCAGGGAG
alleva-2021_|d	TGTGGGCGGGGCTTTAGCAATAAGTCACACCTCCTCAGACACCAGAGGACACACACAGGGGAGAAGCCCTACGTCTGCAGGGAG
alleva-2021_|e	TGTGGGCGGGGCTTTAGCCGGCAGTCAGTCCTCCTCATTCACCAGAGGATACACACAGGGGAGAAGCCCTATGTCTGCAGGGAG
alleva-2021_|f	TGTGGGCGGGGCTTTAGCTGGCAGTCAGTCCTCCTCAGTCACCAGAGGAGACACACAGGGGAGAAGCCCTATGTCTGCAGGGAG
alleva-2021_|g	TGTGGGCGGGGCTTTAGAGATAAGTCACACCTCCTCAGACACCAGAGGACACACACAGGGGAGAAGCCCTATGTCTGCAGGGAG
alleva-2021_|h	TGTGGGCGGGGCTTTAGCAATAAGTCACACCTCCTCAGTCACCAGAGGACACACACAGGGGAGAAGCCCTATGTCTGCAGGGAG
alleva-2021_|i	TGTGGGCGGGGCTTTAGCTGGCAGTCAGTCCTCCTCATTCACCAGAGGATACACACAGGGGAGAAGCCCTATGTCTGCAGGGAG
alleva-2021_|j	TGTGGGCGGGGCTTTAGCCGGCAGTCAGTCCTCCTCACTCACCAGAGGATACACACAGGGGAGAAGCCCTATGTCTGCAGGGAG
alleva-2021_|k	TGTGGGCGGGGCTTTAGAGATAAGTCAAACCTCCTCAGACACCAGAGGACACACACAGGGGAGAAGCCCTATGTCTGCAGGGAG
alleva-2021_|l	TGTGGGCGGGGCTTTAGCTGGCAGTCAGTCCTCCTCACTCACCAGAGGATACACACAGGGGAGAAGCCCTATGTCTGCAGGGAG
alleva-2021_|m	TGTGGGCGGGGCTTTAGCAATAAGTCACACCTCCTCAGACACCAGAGGACACACACAGGGGAGAAGCCCTATGTTTGCAGGGAG
alleva-2021_|n	TGTGGGCGGGGCTTTAGCCGGCAGTCAGTCCTCCTCAGTCACCAGAGGATACACACAGGGGAGAAGCCCTATGTCTGCAGGGAG
alleva-2021_|o	TGTGGGCGGGGCTTTAGAGATAAGTCAAACCTCCTCAGACACCAGAGGACACACACAGGGGAGAAGCCCTATGTTTGCAGGGAG
alleva-2021_|p	TGTGGGCGGGGCTTTAGCTGGCAGTCAGTCCTCCTCACTCACCAGAGGACACACACAGGGGAGAAGCCCTACGTCTGCAGGGAG
alleva-2021_|q	TGTGGGCGGGGCTTTAGAGATAAGTCAAACCTCCTCAGTCACCAGAGGACACACACAGGGGAGAAGCCCTACGTCTGCAGGGAG
alleva-2021_|r	TGTGGGCGGGGCTTTAGCTGGCAGTCAGTCCTCCTCAGACACCAGAGGACACACACAGGGGAGAAGCCCTACGTCTGCAGGGAG
alleva-2021_|s	TGTGGGCGGGGCTTTCGCGATAAGTCACACCTCCTCAGTCACCAGAGGACACACACAGGGGAGAAGCCCTATGTCTGCAGGGAG
alleva-2021_|t	TGTGGGCGGGGCTTTAGCTGGCAGTCAGTCCTCCTCAGTCACCAGAGGATACACACAGGGGAGAAGCCCTATGTCTGCAGGGAG
alleva-2021_|u	TGTGGGCGGGGCTTTAGCTGGAAGTCACACCTCCTCACTCACCAGAGGACACACACAGGGGAGAAGCCCTATGTCTGCAGGGAG
alleva-2021_|v	TGTGGGCGGGGCTTTCGCAATAAGTCACACCTCCTCAGTCACCAGAGGACACACACAGGGGAGAAGCCCTATGTCTGCAGGGAG
alleva-2021_|w	TGTGGGCGGGGCTTTAGCGATAGGTCACACCTCCTCAGTCACCAGAGGACACACACAGGGGAGAAGCCCTATGTCTGCAGGGAG
alleva-2021_|x	TGTGGGCGGGGCTTTAGCGATAGGTCAAGCCTCTGCTATCACCAGAGGACACACACAGGGGAGAAGCCCTATGTCTGCAGGGAG
alleva-2021_|y	TGTGGGCGGGGCTTTAGAGATAAGTCAAACCTCCTCAGTCACCAGAGGAGACACACAGGGGAGAAGCCCTATGTCTGCAGGGAG
alleva-2021_|z	TGTGGGCGGGGCTTTCGCGATAAGTCACACCTCCTCATTCACCAGAGGATACACACAGGGGAGAAGCCCTATGTCTGCAGGGAG
berg-2010_A	TGTGGACAAGGTTTCAGTGTTAAATCAGATGTTATTACACACCAAAGGACACATACAGGGGAGAAGCTCTACGTCTGCAGGGAG
berg-2010_B	TGTGGGCGGGGCTTTAGCTGGAAGTCACACCTCCTCATTCACCAGAGGATACACACAGGGGAGAAGCCCTATGTCTGCAGGGAG
berg-2010_C	TGTGGGCGGGGCTTTAGCTGGCAGTCAGTCCTCCTCACTCACCAGAGGACACACACAGGGGAGAAGCCCTATGTCTGCAGGGAG
berg-2010_D	TGTGGGCGGGGCTTTAGCCGGCAGTCAGTCCTCCTCACTCACCAGAGGAGACACACAGGGGAGAAGCCCTATGTCTGCAGGGAG
berg-2010_E	TGTGGGCGGGGCTTTAGCTGGCAGTCAGTCCTCCTCAGTCACCAGAGGACACACACAGGGGAGAAGCCCTATGTCTGCAGGGAG
berg-2010_F	TGTGGGCGGGGCTTTAGCAATAAGTCACACCTCCTCAGACACCAGAGGACACACACAGGGGAGAAGCCCTATGTCTGCAGGGAG
berg-2010_G	TGTGGGCGGGGCTTTCGCGATAAGTCACACCTCCTCAGACACCAGAGGACACACACAGGGGAGAAGCCCTATGTCTGCAGGGAG
berg-2010_H	TGTGGGCGGGGCTTTAGAGATAAGTCAAACCTCCTCAGTCACCAGAGGACACACACAGGGGAGAAGCCCTATGTCTGCAGGGAG
berg-2010_I	TGTGGGCGGGGCTTTCGCAATAAGTCACACCTCCTCAGACACCAGAGGACACACACAGGGGAGAAGCCCTACGTCTGCAGGGAG
berg-2010_J	TGTGGGCGGGGCTTTAGCGATAGGTCAAGCCTCTGCTATCACCAGAGGACACACACAGGGGAGAAGCCCTACGTCTGCAGGGAG
berg-2010_K	TGTGGGCGGGGCTTTAGAGATAAGTCACACCTCCTCAGTCACCAGAGGACACACACAGGGGAGAAGCCCTATGTCTGCAGGGAG
berg-2010_L	TGTGGGCGGGGCTTTAGCTGGCAGTCAGTCCTCCTCAGACACCAGAGGACACACACAGGGGAGAAGCCCTATGTCTGCAGGGAG
berg-2010_M	TGTGGGCGGGGCTTTAGAGATAAGTCACACCTCCTCAGACACCAGAGGACACACACAGGGGAGAAGCCCTACGTCTGCAGGGAG
berg-2010_N	TGTGGGCGGGGCTTTAGCCGGCAGTCAGTCCTCCTCAGTCACCAGAGGACACACACAGGGGAGAAGCCCTATGTCTGCAGGGAG
berg-2010_O	TGTGGGCGGGGCTTTAGAGATAAGTCAAACCTCCTCAGTCACCAGAGGACACACACAGGGGACAAGCCCTATGTCTGCAGGGAG
berg-2010_P	TGTGGGCGGGGCTTTAGAGATGAGTCAAACCTCCTCAGTCACCAGAGGACACACACAGGGGAGAAGCCCTATGTCTGCAGGGAG
berg-2010_Q	TGTGGGCGGGGCTTTCGCAATAAGTCACACCTCCTCAGACACCAGAGGACACACACAGGGGAGAAGCCCTATGTCTGCAGGGAG
berg-2010_R	TGTGGGCGGGGCTTTAGCCGGCAGTCAGTCCTCCTCACTCACCAGAGGACACACACAGGGGAGAAGCCCTATGTCTGCAGGGAG
berg-2010_S	TGTAGGCGGGGCTTTAGCTGGCAGTCAGTCCTCCTCACTCACCAGAGGACACACACAGGGGAGAAGCCCTATGTCTGCAGGGAG
berg-2010_T	TGTGGGCGGGGCTTTCGCGATAAGTCACACCTCCTCAGACACCAGAGGACACACACAGGGGAGAAGCCCTATGTTTGCAGGGAG
berg-2011_A	TGTGGACAAGGTTTCAGTGTTAAATCAGATGTTATTACACACCAAAGGACACATACAGGGGAGAAGCTCTACGTCTGCAGGGAG
berg-2011_B	TGTGGGCGGGGCTTTAGCTGGAAGTCACACCTCCTCATTCACCAGAGGATACACACAGGGGAGAAGCCCTATGTCTGCAGGGAG
berg-2011_C	TGTGGGCGGGGCTTTAGCTGGCAGTCAGTCCTCCTCACTCACCAGAGGACACACACAGGGGAGAAGCCCTATGTCTGCAGGGAG
berg-2011_D	TGTGGGCGGGGCTTTAGCCGGCAGTCAGTCCTCCTCACTCACCAGAGGAGACACACAGGGGAGAAGCCCTATGTCTGCAGGGAG
berg-2011_E	TGTGGGCGGGGCTTTAGCTGGCAGTCAGTCCTCCTCAGTCACCAGAGGACACACACAGGGGAGAAGCCCTATGTCTGCAGGGAG
berg-2011_F	TGTGGGCGGGGCTTTAGCAATAAGTCACACCTCCTCAGACACCAGAGGACACACACAGGGGAGAAGCCCTATGTCTGCAGGGAG
berg-2011_G	TGTGGGCGGGGCTTTCGCGATAAGTCACACCTCCTCAGACACCAGAGGACACACACAGGGGAGAAGCCCTATGTCTGCAGGGAG
berg-2011_H	TGTGGGCGGGGCTTTAGAGATAAGTCAAACCTCCTCAGTCACCAGAGGACACACACAGGGGAGAAGCCCTATGTCTGCAGGGAG
berg-2011_I	TGTGGGCGGGGCTTTCGCAATAAGTCACACCTCCTCAGACACCAGAGGACACACACAGGGGAGAAGCCCTACGTCTGCAGGGAG
berg-2011_J	TGTGGGCGGGGCTTTAGCGATAGGTCAAGCCTCTGCTATCACCAGAGGACACACACAGGGGAGAAGCCCTACGTCTGCAGGGAG
berg-2011_K	TGTGGGCGGGGCTTTAGAGATAAGTCACACCTCCTCAGTCACCAGAGGACACACACAGGGGAGAAGCCCTATGTCTGCAGGGAG
berg-2011_L	TGTGGGCGGGGCTTTAGCTGGCAGTCAGTCCTCCTCAGACACCAGAGGACACACACAGGGGAGAAGCCCTATGTCTGCAGGGAG
berg-2011_O	TGTGGGCGGGGCTTTAGAGATAAGTCAAACCTCCTCAGTCACCAGAGGACACACACAGGGGACAAGCCCTATGTCTGCAGGGAG
berg-2011_P	TGTGGGCGGGGCTTTAGAGATGAGTCAAACCTCCTCAGTCACCAGAGGACACACACAGGGGAGAAGCCCTATGTCTGCAGGGAG
berg-2011_Q	TGTGGGCGGGGCTTTCGCAATAAGTCACACCTCCTCAGACACCAGAGGACACACACAGGGGAGAAGCCCTATGTCTGCAGGGAG
berg-2011_R	TGTGGGCGGGGCTTTAGCCGGCAGTCAGTCCTCCTCACTCACCAGAGGACACACACAGGGGAGAAGCCCTATGTCTGCAGGGAG
berg-2011_S	TGTAGGCGGGGCTTTAGCTGGCAGTCAGTCCTCCTCACTCACCAGAGGACACACACAGGGGAGAAGCCCTATGTCTGCAGGGAG
berg-2011_T	TGTGGGCGGGGCTTTCGCGATAAGTCACACCTCCTCAGACACCAGAGGACACACACAGGGGAGAAGCCCTATGTTTGCAGGGAG
berg-2011_U	TGTGGGCGGGGCTTTAGCGATAAGTCACACCTCCTCAGACACCAGAGGACACACACAGGGGAGAAGCCCTATGTCTGCAGGGAG
berg-2011_V	TGTGGGCGGGGCTTTAGCTGGCAGTCAGTCCTCCTCAGTCACCAGAGGACACACACAGGGAAGAAGCCCTATGTCTGCAGGGAG
borel-2012_A	TGTGGACAAGGTTTCAGTGTTAAATCAGATGTTATTACACACCAAAGGACACATACAGGGGAGAAGCTCTACGTCTGCAGGGAG
borel-2012_B	TGTGGGCGGGGCTTTAGCTGGAAGTCACACCTCCTCATTCACCAGAGGATACACACAGGGGAGAAGCCCTATGTCTGCAGGGAG
borel-2012_C	TGTGGGCGGGGCTTTAGCTGGCAGTCAGTCCTCCTCACTCACCAGAGGACACACACAGGGGAGAAGCCCTATGTCTGCAGGGAG
borel-2012_D	TGTGGGCGGGGCTTTAGCCGGCAGTCAGTCCTCCTCACTCACCAGAGGAGACACACAGGGGAGAAGCCCTATGTCTGCAGGGAG
borel-2012_E	TGTGGGCGGGGCTTTAGCTGGCAGTCAGTCCTCCTCAGTCACCAGAGGACACACACAGGGGAGAAGCCCTATGTCTGCAGGGAG
borel-2012_F	TGTGGGCGGGGCTTTAGCAATAAGTCACACCTCCTCAGACACCAGAGGACACACACAGGGGAGAAGCCCTATGTCTGCAGGGAG
borel-2012_G	TGTGGGCGGGGCTTTCGCGATAAGTCACACCTCCTCAGACACCAGAGGACACACACAGGGGAGAAGCCCTATGTCTGCAGGGAG
borel-2012_H	TGTGGGCGGGGCTTTAGAGATAAGTCAAACCTCCTCAGTCACCAGAGGACACACACAGGGGAGAAGCCCTATGTCTGCAGGGAG
borel-2012_I	TGTGGGCGGGGCTTTCGCAATAAGTCACACCTCCTCAGACACCAGAGGACACACACAGGGGAGAAGCCCTACGTCTGCAGGGAG
borel-2012_J	TGTGGGCGGGGCTTTAGCGATAGGTCAAGCCTCTGCTATCACCAGAGGACACACACAGGGGAGAAGCCCTACGTCTGCAGGGAG
borel-2012_K	TGTGGGCGGGGCTTTAGAGATAAGTCACACCTCCTCAGTCACCAGAGGACACACACAGGGGAGAAGCCCTATGTCTGCAGGGAG
borel-2012_L	TGTGGGCGGGGCTTTAGCTGGCAGTCAGTCCTCCTCAGACACCAGAGGACACACACAGGGGAGAAGCCCTATGTCTGCAGGGAG
borel-2012_M	TGTGGGCGGGGCTTTAGAGATAAGTCACACCTCCTCAGACACCAGAGGACACACACAGGGGAGAAGCCCTACGTCTGCAGGGAG
borel-2012_Q	TGTGGGCGGGGCTTTCGCAATAAGTCACACCTCCTCAGACACCAGAGGACACACACAGGGGAGAAGCCCTATGTCTGCAGGGAG
hussin-2013_a	TGTGGACAAGGTTTCAGTGTTAAATCAGATGTTATTACACACCAAAGGACACATACAGGGGAGAAGCTCTACGTCTGCAGGGAG
hussin-2013_b	TGTGGGCGGGGCTTTAGCTGGAAGTCACACCTCCTCATTCACCAGAGGATACACACAGGGGAGAAGCCCTATGTCTGCAGGGAG
hussin-2013_c	TGTGGGCGGGGCTTTAGCTGGCAGTCAGTCCTCCTCACTCACCAGAGGACACACACAGGGGAGAAGCCCTATGTCTGCAGGGAG
hussin-2013_d	TGTGGGCGGGGCTTTAGCCGGCAGTCAGTCCTCCTCACTCACCAGAGGAGACACACAGGGGAGAAGCCCTATGTCTGCAGGGAG
hussin-2013_e	TGTGGGCGGGGCTTTAGCTGGCAGTCAGTCCTCCTCAGTCACCAGAGGACACACACAGGGGAGAAGCCCTATGTCTGCAGGGAG
hussin-2013_f	TGTGGGCGGGGCTTTAGCAATAAGTCACACCTCCTCAGACACCAGAGGACACACACAGGGGAGAAGCCCTATGTCTGCAGGGAG
hussin-2013_g	TGTGGGCGGGGCTTTCGCGATAAGTCACACCTCCTCAGACACCAGAGGACACACACAGGGGAGAAGCCCTATGTCTGCAGGGAG
hussin-2013_h	TGTGGGCGGGGCTTTAGAGATAAGTCAAACCTCCTCAGTCACCAGAGGACACACACAGGGGAGAAGCCCTATGTCTGCAGGGAG
hussin-2013_i	TGTGGGCGGGGCTTTCGCAATAAGTCACACCTCCTCAGACACCAGAGGACACACACAGGGGAGAAGCCCTACGTCTGCAGGGAG
hussin-2013_j	TGTGGGCGGGGCTTTAGCGATAGGTCAAGCCTCTGCTATCACCAGAGGACACACACAGGGGAGAAGCCCTACGTCTGCAGGGAG
hussin-2013_k	TGTGGGCGGGGCTTTAGAGATAAGTCACACCTCCTCAGTCACCAGAGGACACACACAGGGGAGAAGCCCTATGTCTGCAGGGAG
hussin-2013_l	TGTGGGCGGGGCTTTAGCTGGCAGTCAGTCCTCCTCAGACACCAGAGGACACACACAGGGGAGAAGCCCTATGTCTGCAGGGAG
hussin-2013_m	TGTGGGCGGGGCTTTAGAGATAAGTCACACCTCCTCAGACACCAGAGGACACACACAGGGGAGAAGCCCTACGTCTGCAGGGAG
hussin-2013_n	TGTGGGCGGGGCTTTAGCCGGCAGTCAGTCCTCCTCAGTCACCAGAGGACACACACAGGGGAGAAGCCCTATGTCTGCAGGGAG
hussin-2013_o	TGTGGGCGGGGCTTTAGAGATAAGTCAAACCTCCTCAGTCACCAGAGGACACACACAGGGGACAAGCCCTATGTCTGCAGGGAG
hussin-2013_p	TGTGGGCGGGGCTTTAGAGATGAGTCAAACCTCCTCAGTCACCAGAGGACACACACAGGGGAGAAGCCCTATGTCTGCAGGGAG
hussin-2013_q	TGTGGGCGGGGCTTTCGCAATAAGTCACACCTCCTCAGACACCAGAGGACACACACAGGGGAGAAGCCCTATGTCTGCAGGGAG
hussin-2013_r	TGTGGGCGGGGCTTTAGCCGGCAGTCAGTCCTCCTCACTCACCAGAGGACACACACAGGGGAGAAGCCCTATGTCTGCAGGGAG
hussin-2013_s	TGTAGGCGGGGCTTTAGCTGGCAGTCAGTCCTCCTCACTCACCAGAGGACACACACAGGGGAGAAGCCCTATGTCTGCAGGGAG
hussin-2013_t	TGTGGGCGGGGCTTTCGCGATAAGTCACACCTCCTCAGACACCAGAGGACACACACAGGGGAGAAGCCCTATGTTTGCAGGGAG
hussin-2013_u	TGTGGGCGGGGCTTTAGCAATAAGTCACACCTCCTCAGACACCAGAGGACACACACAGGGAAGAAGCCCTATGTCTGCAGGGAG
hussin-2013_v	TGTGGGCGGGGCTTTAGCCGGCAGTCAGTCCTCCTCACTCACCAGAGGAGACACACAGGGGAGAAGCCCTTTGTCTGCAGGGAG
hussin-2013_w	TGTGGGCGGGGCTTTCTCAATAAGTCACACCTCCTCAGACACCAGAGGACACACACAGGGGAGAAGCCCTACGTCTGCAGGGAG
hussin-2013_x	TGTGGGCGGGGCTTTAGCAATAAGTCACACCTCCTCAGACACCAGAGGACACACACAGGGGAGAAACCCTATGTCTGCAGGGAG
jeffreys-2013_A	TGTGGACAAGGTTTCAGTGTTAAATCAGATGTTATTACACACCAAAGGACACATACAGGGGAGAAGCTCTACGTCTGCAGGGAG
jeffreys-2013_B	TGTGGGCGGGGCTTTAGCTGGAAGTCACACCTCCTCATTCACCAGAGGATACACACAGGGGAGAAGCCCTATGTCTGCAGGGAG
jeffreys-2013_C	TGTGGGCGGGGCTTTAGCTGGCAGTCAGTCCTCCTCACTCACCAGAGGACACACACAGGGGAGAAGCCCTATGTCTGCAGGGAG
jeffreys-2013_D	TGTGGGCGGGGCTTTAGCCGGCAGTCAGTCCTCCTCACTCACCAGAGGAGACACACAGGGGAGAAGCCCTATGTCTGCAGGGAG
jeffreys-2013_E	TGTGGGCGGGGCTTTAGCTGGCAGTCAGTCCTCCTCAGTCACCAGAGGACACACACAGGGGAGAAGCCCTATGTCTGCAGGGAG
jeffreys-2013_F	TGTGGGCGGGGCTTTAGCAATAAGTCACACCTCCTCAGACACCAGAGGACACACACAGGGGAGAAGCCCTATGTCTGCAGGGAG
jeffreys-2013_G	TGTGGGCGGGGCTTTCGCGATAAGTCACACCTCCTCAGACACCAGAGGACACACACAGGGGAGAAGCCCTATGTCTGCAGGGAG
jeffreys-2013_H	TGTGGGCGGGGCTTTAGAGATAAGTCAAACCTCCTCAGTCACCAGAGGACACACACAGGGGAGAAGCCCTATGTCTGCAGGGAG
jeffreys-2013_I	TGTGGGCGGGGCTTTCGCAATAAGTCACACCTCCTCAGACACCAGAGGACACACACAGGGGAGAAGCCCTACGTCTGCAGGGAG
jeffreys-2013_J	TGTGGGCGGGGCTTTAGCGATAGGTCAAGCCTCTGCTATCACCAGAGGACACACACAGGGGAGAAGCCCTACGTCTGCAGGGAG
jeffreys-2013_K	TGTGGGCGGGGCTTTAGAGATAAGTCACACCTCCTCAGTCACCAGAGGACACACACAGGGGAGAAGCCCTATGTCTGCAGGGAG
jeffreys-2013_L	TGTGGGCGGGGCTTTAGCTGGCAGTCAGTCCTCCTCAGACACCAGAGGACACACACAGGGGAGAAGCCCTATGTCTGCAGGGAG
jeffreys-2013_O	TGTGGGCGGGGCTTTAGAGATAAGTCAAACCTCCTCAGTCACCAGAGGACACACACAGGGGACAAGCCCTATGTCTGCAGGGAG
jeffreys-2013_P	TGTGGGCGGGGCTTTAGAGATGAGTCAAACCTCCTCAGTCACCAGAGGACACACACAGGGGAGAAGCCCTATGTCTGCAGGGAG
jeffreys-2013_Q	TGTGGGCGGGGCTTTCGCAATAAGTCACACCTCCTCAGACACCAGAGGACACACACAGGGGAGAAGCCCTATGTCTGCAGGGAG
jeffreys-2013_R	TGTGGGCGGGGCTTTAGCCGGCAGTCAGTCCTCCTCACTCACCAGAGGACACACACAGGGGAGAAGCCCTATGTCTGCAGGGAG
jeffreys-2013_T	TGTGGGCGGGGCTTTCGCGATAAGTCACACCTCCTCAGACACCAGAGGACACACACAGGGGAGAAGCCCTATGTTTGCAGGGAG
jeffreys-2013_U	TGTGGGCGGGGCTTTAGCGATAAGTCACACCTCCTCAGACACCAGAGGACACACACAGGGGAGAAGCCCTATGTCTGCAGGGAG
jeffreys-2013_V	TGTGGGCGGGGCTTTAGCTGGCAGTCAGTCCTCCTCAGTCACCAGAGGACACACACAGGGAAGAAGCCCTATGTCTGCAGGGAG
jeffreys-2013_a	TGTGGGCGGGGCTTTCGCGATAAGTCACACCTCCTCAGACACCAGAGGACACACACAGGGGAGAAGCCCTACGTCTGCAGGGAG
jeffreys-2013_b	TGTGGGCGGGGCTTTAGCTGGCAGTCAGTCCTCCTCACTCACCAGAGGAGACACACAGGGGAGAAGCCCTATGTCTGCAGGGAG
jeffreys-2013_c	TGTGGGCGGGGCTTTAGCTGGAAGTCACACCTCCTCATTCACCAGAGGACACACACAGGGGAGAAGCCCTATGTCTGCAGGGAG
jeffreys-2013_d	TGTGGGCGGGGCTTTAGCAATAAGTCACACCTCCTCAGACACCAGAGGACACACACAGGGGAGAAGCCCTACGTCTGCAGGGAG
jeffreys-2013_e	TGTGGGCGGGGCTTTAGCCGGCAGTCAGTCCTCCTCATTCACCAGAGGATACACACAGGGGAGAAGCCCTATGTCTGCAGGGAG
jeffreys-2013_f	TGTGGGCGGGGCTTTAGCTGGCAGTCAGTCCTCCTCAGTCACCAGAGGAGACACACAGGGGAGAAGCCCTATGTCTGCAGGGAG
jeffreys-2013_g	TGTGGGCGGGGCTTTAGAGATAAGTCACACCTCCTCAGACACCAGAGGACACACACAGGGGAGAAGCCCTATGTCTGCAGGGAG
jeffreys-2013_h	TGTGGGCGGGGCTTTAGCAATAAGTCACACCTCCTCAGTCACCAGAGGACACACACAGGGGAGAAGCCCTATGTCTGCAGGGAG
jeffreys-2013_i	TGTGGGCGGGGCTTTAGCTGGCAGTCAGTCCTCCTCATTCACCAGAGGATACACACAGGGGAGAAGCCCTATGTCTGCAGGGAG
jeffreys-2013_j	TGTGGGCGGGGCTTTAGCCGGCAGTCAGTCCTCCTCACTCACCAGAGGATACACACAGGGGAGAAGCCCTATGTCTGCAGGGAG
jeffreys-2013_k	TGTGGGCGGGGCTTTAGAGATAAGTCAAACCTCCTCAGACACCAGAGGACACACACAGGGGAGAAGCCCTATGTCTGCAGGGAG
jeffreys-2013_l	TGTGGGCGGGGCTTTAGCTGGCAGTCAGTCCTCCTCACTCACCAGAGGATACACACAGGGGAGAAGCCCTATGTCTGCAGGGAG
jeffreys-2013_m	TGTGGGCGGGGCTTTAGCAATAAGTCACACCTCCTCAGACACCAGAGGACACACACAGGGGAGAAGCCCTATGTTTGCAGGGAG
jeffreys-2013_n	TGTGGGCGGGGCTTTAGCCGGCAGTCAGTCCTCCTCAGTCACCAGAGGATACACACAGGGGAGAAGCCCTATGTCTGCAGGGAG
jeffreys-2013_o	TGTGGGCGGGGCTTTAGAGATAAGTCAAACCTCCTCAGACACCAGAGGACACACACAGGGGAGAAGCCCTATGTTTGCAGGGAG
jeffreys-2013_p	TGTGGGCGGGGCTTTAGCTGGCAGTCAGTCCTCCTCACTCACCAGAGGACACACACAGGGGAGAAGCCCTACGTCTGCAGGGAG
jeffreys-2013_q	TGTGGGCGGGGCTTTAGAGATAAGTCAAACCTCCTCAGTCACCAGAGGACACACACAGGGGAGAAGCCCTACGTCTGCAGGGAG
jeffreys-2013_r	TGTGGGCGGGGCTTTAGCTGGCAGTCAGTCCTCCTCAGACACCAGAGGACACACACAGGGGAGAAGCCCTACGTCTGCAGGGAG
jeffreys-2013_s	TGTGGGCGGGGCTTTCGCGATAAGTCACACCTCCTCAGTCACCAGAGGACACACACAGGGGAGAAGCCCTATGTCTGCAGGGAG
jeffreys-2013_t	TGTGGGCGGGGCTTTAGCTGGCAGTCAGTCCTCCTCAGTCACCAGAGGATACACACAGGGGAGAAGCCCTATGTCTGCAGGGAG
jeffreys-2013_u	TGTGGGCGGGGCTTTAGCTGGAAGTCACACCTCCTCACTCACCAGAGGACACACACAGGGGAGAAGCCCTATGTCTGCAGGGAG
jeffreys-2013_v	TGTGGGCGGGGCTTTCGCAATAAGTCACACCTCCTCAGTCACCAGAGGACACACACAGGGGAGAAGCCCTATGTCTGCAGGGAG
jeffreys-2013_w	TGTGGGCGGGGCTTTAGCGATAGGTCACACCTCCTCAGTCACCAGAGGACACACACAGGGGAGAAGCCCTATGTCTGCAGGGAG
jeffreys-2013_x	TGTGGGCGGGGCTTTAGCGATAGGTCAAGCCTCTGCTATCACCAGAGGACACACACAGGGGAGAAGCCCTATGTCTGCAGGGAG
jeffreys-2013_y	TGTGGGCGGGGCTTTAGAGATAAGTCAAACCTCCTCAGTCACCAGAGGAGACACACAGGGGAGAAGCCCTATGTCTGCAGGGAG
jeffreys-2013_z	TGTGGGCGGGGCTTTCGCGATAAGTCACACCTCCTCATTCACCAGAGGATACACACAGGGGAGAAGCCCTATGTCTGCAGGGAG
jeffreys-2013_1	TGTGGACAAGGTTTCAGTGTTAAATCAGATGTTATTACACACCAAAGGACACATACAGGGGAGAAGCCCTATGTCTGCAGGGAG
jeffreys-2013_2	TGTGGGCGGGGCTTTAGAGATAAGTCAAACCTCCTCACTCACCAGAGGACACACACAGGGGAGAAGCCCTATGTCTGCAGGGAG
jeffreys-2013_3	TGTGGGCGGGGCTTTAGCCGGCAGTCAGTCCTCCTCACTCACCAGAGGAGACATACAGGGGAGAAGCCCTATGTCTGCAGGGAG
jeffreys-2013_4	TGTGGGCGGGGCTTTAGAGATAAGTCACACCTCCTCACTCACCAGAGGACACACACAGGGGAGAAGCCCTATGTCTGCAGGGAG
jeffreys-2013_5	TGTGGGCGGGGCTTTAGCAATAAGTCACACCTCCTCATTCACCAGAGGACACACACAGGGGAGAAGCCCTATGTCTGCAGGGAG
jeffreys-2013_6	TGTGGGCGGGGCTTTAGCTGGCAGTCAGTCCTCCTCACTCACCAGAGGACACACACAGGGGACAAGCCCTATGTCTGCAGGGAG
jeffreys-2013_7	TGTGGGCGGGGCTTTAGAGATAAGTCACACCTCCTCAGTCACCAGAGGACACACACAGGGGACAAGCCCTATGTCTGCAGGGAG
jeffreys-2013_8	TGTGGGCGGGGCTTTAGAGATAGGTCAAGCCTCTGCTATCACCAGAGGACACACACAGGGGAGAAGCCCTACGTCTGCAGGGAG
jeffreys-2013_9	TGTGGGCGGGGCTTTAGCGATAGGTCAAGCCTCTGCTATCACCAGAGGACACACACAGGGGACAAGCCCTATGTCTGCAGGGAG
jeffreys-2013_!	TGTGGGCGGGGCTTTAGCAATAAGTCACACCTCCTCAGACACCAGAGGACACACACAGGGGACAAGCCCTATGTCTGCAGGGAG
jeffreys-2013_@	TGTGGGCGGGGCTTTCGCAATAAGTCACACCTCCTCAGACACCAGAGGACACACACAGGGGACAAGCCCTATGTCTGCAGGGAG
jeffreys-2013_£	TGTGGGCGGGGCTTTAGAGATAAGTCAAACCTCCTCAGACACCAGAGGACACACACAGGGGACAAGCCCTATGTCTGCAGGGAG
jeffreys-2013_$	TGTGGGCGGGGCTTTAGCTGGCAGTCAGTCCTCCTCAGACACCAGAGGAGACACACAGGGGAGAAGCCCTATGTCTGCAGGGAG
jeffreys-2013_%	TGTGGGCGGGGCTTTCGCAATAAGTCACACCTCCTCAGTCACCAGAGGACACACACAGGGGACAAGCCCTATGTCTGCAGGGAG
jeffreys-2013_&	TGTGGGCGGGGCTTTAGCCGGCAGTCAGTCCTCCTCAGACACCAGAGGACACACACAGGGGAGAAGCCCTATGTCTGCAGGGAG
jeffreys-2013_§	TGTGGGCGGGGCTTTAGAGATAGGTCAAGCCTCTGCTATCACCAGAGGACACACACAGGGGAGAAGCCCTATGTCTGCAGGGAG
jeffreys-2013_*	TGTGGGCGGGGCTTTCGCAATAAGTCACACCTCCTCAGACACCAGAGGATACACACAGGGGAGAAGCCCTATGTCTGCAGGGAG
jeffreys-2013_:	TGTGGGCGGGGCTTTAGCTGGCAGTCACACCTCCTCACTCACCAGAGGACACACACAGGGGAGAAGCCCTATGTCTGCAGGGAG
jeffreys-2013_±	TGTGGGCGGGGCTTTAGCTGGCAGTCAGTCCTCCTCATTCACCAGAGGACACACACAGGGGAGAAGCCCTATGTCTGCAGGGAG
oliver-2009_homo_sapiens__03	TGCAGGGAGTGTGGGCGGGGCTTTAGCTGGAAGTCACACCTCCTCATTCACCAGAGGATACACACAGGGGAGAAGCCCTATGTC
oliver-2009_homo_sapiens__04	TGCAGGGAGTGTGGGCGGGGCTTTAGCTGGCAGTCAGTCCTCCTCACTCACCAGAGGACACACACAGGGGAGAAGCCCTATGTC
oliver-2009_homo_sapiens__05	TGCAGGGAGTGTGGGCGGGGCTTTAGCCGGCAGTCAGTCCTCCTCACTCACCAGAGGAGACACACAGGGGAGAAGCCCTATGTC
oliver-2009_homo_sapiens__07	TGCAGGGAGTGTGGGCGGGGCTTTAGCTGGCAGTCAGTCCTCCTCAGTCACCAGAGGACACACACAGGGGAGAAGCCCTATGTC
oliver-2009_homo_sapiens__09	TGCAGGGAGTGTGGGCGGGGCTTTAGCAATAAGTCACACCTCCTCAGACACCAGAGGACACACACAGGGGAGAAGCCCTATGTC
oliver-2009_homo_sapiens__10	TGCAGGGAGTGTGGGCGGGGCTTTCGCGATAAGTCACACCTCCTCAGACACCAGAGGACACACACAGGGGAGAAGCCCTATGTC
oliver-2009_homo_sapiens__11	TGCAGGGAGTGTGGGCGGGGCTTTAGAGATAAGTCAAACCTCCTCAGTCACCAGAGGACACACACAGGGGAGAAGCCCTATGTC
oliver-2009_homo_sapiens__13	TGCAGGGAGTGTGGGCGGGGCTTTCGCAATAAGTCACACCTCCTCAGACACCAGAGGACACACACAGGGGAGAAGCCCTACGTC
oliver-2009_homo_sapiens__14	TGCAGGGAGTGTGGGCGGGGCTTTAGCGATAGGTCAAGCCTCTGCTATCACCAGAGGACACACACAGGGGAGAAGCCCTACGTC
