StandardName	Sequence	alleva.2021	berg.2010	berg.2011	borel.2012	hussin.2013	jeffreys.2013	oliver.2009
Z001	TGTGGACAAGGTTTCAGTGTTAAATCAGATGTTATTACACACCAAAGGACACATACAGGGGAGAAGCTCTACGTCTGCAGGGAG	:A	A	A	A	a	A	NA
Z002	TGTGGGCGGGGCTTTAGCTGGAAGTCACACCTCCTCATTCACCAGAGGATACACACAGGGGAGAAGCCCTATGTCTGCAGGGAG	:B	B	B	B	b	B	homo_sapiens__03
Z003	TGTGGGCGGGGCTTTAGCTGGCAGTCAGTCCTCCTCACTCACCAGAGGACACACACAGGGGAGAAGCCCTATGTCTGCAGGGAG	:C	C	C	C	c	C	homo_sapiens__04
Z004	TGTGGGCGGGGCTTTAGCCGGCAGTCAGTCCTCCTCACTCACCAGAGGAGACACACAGGGGAGAAGCCCTATGTCTGCAGGGAG	:D	D	D	D	d	D	homo_sapiens__05
Z005	TGTGGGCGGGGCTTTAGCTGGCAGTCAGTCCTCCTCAGTCACCAGAGGACACACACAGGGGAGAAGCCCTATGTCTGCAGGGAG	:E	E	E	E	e	E	homo_sapiens__07
Z006	TGTGGGCGGGGCTTTAGCAATAAGTCACACCTCCTCAGACACCAGAGGACACACACAGGGGAGAAGCCCTATGTCTGCAGGGAG	:F	F	F	F	f	F	homo_sapiens__09
Z007	TGTGGGCGGGGCTTTCGCGATAAGTCACACCTCCTCAGACACCAGAGGACACACACAGGGGAGAAGCCCTATGTCTGCAGGGAG	:G	G	G	G	g	G	homo_sapiens__10
Z008	TGTGGGCGGGGCTTTAGAGATAAGTCAAACCTCCTCAGTCACCAGAGGACACACACAGGGGAGAAGCCCTATGTCTGCAGGGAG	:H	H	H	H	h	H	homo_sapiens__11
Z009	TGTGGGCGGGGCTTTCGCAATAAGTCACACCTCCTCAGACACCAGAGGACACACACAGGGGAGAAGCCCTACGTCTGCAGGGAG	:I	I	I	I	i	I	homo_sapiens__13
Z010	TGTGGGCGGGGCTTTAGCGATAGGTCAAGCCTCTGCTATCACCAGAGGACACACACAGGGGAGAAGCCCTACGTCTGCAGGGAG	:J	J	J	J	j	J	homo_sapiens__14
Z011	TGTGGGCGGGGCTTTAGAGATAAGTCACACCTCCTCAGTCACCAGAGGACACACACAGGGGAGAAGCCCTATGTCTGCAGGGAG	:K	K	K	K	k	K	NA
Z012	TGTGGGCGGGGCTTTAGCTGGCAGTCAGTCCTCCTCAGACACCAGAGGACACACACAGGGGAGAAGCCCTATGTCTGCAGGGAG	:L	L	L	L	l	L	NA
Z013	TGTGGGCGGGGCTTTAGAGATAAGTCACACCTCCTCAGACACCAGAGGACACACACAGGGGAGAAGCCCTACGTCTGCAGGGAG	:M	M	NA	M	m	NA	NA
Z014	TGTGGGCGGGGCTTTAGCCGGCAGTCAGTCCTCCTCAGTCACCAGAGGACACACACAGGGGAGAAGCCCTATGTCTGCAGGGAG	:N	N	NA	NA	n	NA	NA
Z015	TGTGGGCGGGGCTTTAGAGATAAGTCAAACCTCCTCAGTCACCAGAGGACACACACAGGGGACAAGCCCTATGTCTGCAGGGAG	:O	O	O	NA	o	O	NA
Z016	TGTGGGCGGGGCTTTAGAGATGAGTCAAACCTCCTCAGTCACCAGAGGACACACACAGGGGAGAAGCCCTATGTCTGCAGGGAG	:P	P	P	NA	p	P	NA
Z017	TGTGGGCGGGGCTTTCGCAATAAGTCACACCTCCTCAGACACCAGAGGACACACACAGGGGAGAAGCCCTATGTCTGCAGGGAG	:Q	Q	Q	Q	q	Q	NA
Z018	TGTGGGCGGGGCTTTAGCCGGCAGTCAGTCCTCCTCACTCACCAGAGGACACACACAGGGGAGAAGCCCTATGTCTGCAGGGAG	:R	R	R	NA	r	R	NA
Z019	TGTAGGCGGGGCTTTAGCTGGCAGTCAGTCCTCCTCACTCACCAGAGGACACACACAGGGGAGAAGCCCTATGTCTGCAGGGAG	:S	S	S	NA	s	NA	NA
Z020	TGTGGGCGGGGCTTTCGCGATAAGTCACACCTCCTCAGACACCAGAGGACACACACAGGGGAGAAGCCCTATGTTTGCAGGGAG	:T	T	T	NA	t	T	NA
Z021	TGTGGGCGGGGCTTTAGCGATAAGTCACACCTCCTCAGACACCAGAGGACACACACAGGGGAGAAGCCCTATGTCTGCAGGGAG	:U	NA	U	NA	NA	U	NA
Z022	TGTGGGCGGGGCTTTAGCTGGCAGTCAGTCCTCCTCAGTCACCAGAGGACACACACAGGGAAGAAGCCCTATGTCTGCAGGGAG	:V	NA	V	NA	NA	V	NA
Z023	TGTGGGCGGGGCTTTAGCAATAAGTCACACCTCCTCAGACACCAGAGGACACACACAGGGAAGAAGCCCTATGTCTGCAGGGAG	!H	NA	NA	NA	u	NA	NA
Z024	TGTGGGCGGGGCTTTAGCCGGCAGTCAGTCCTCCTCACTCACCAGAGGAGACACACAGGGGAGAAGCCCTTTGTCTGCAGGGAG	!B	NA	NA	NA	v	NA	NA
Z025	TGTGGGCGGGGCTTTCTCAATAAGTCACACCTCCTCAGACACCAGAGGACACACACAGGGGAGAAGCCCTACGTCTGCAGGGAG	NA	NA	NA	NA	w	NA	NA
Z026	TGTGGGCGGGGCTTTAGCAATAAGTCACACCTCCTCAGACACCAGAGGACACACACAGGGGAGAAACCCTATGTCTGCAGGGAG	NA	NA	NA	NA	x	NA	NA
Z027	TGTGGGCGGGGCTTTAGCCGGCAGTCTGTCCTCCTCACTCACCAGAGGAGACACACAGGGGAGAAGCCCTATGTCTGCAGGGAG	!A	NA	NA	NA	NA	NA	NA
Z028	TGTGGGCGGGGTTTTAGCTGGCAGTCAGTCCTCCTCAGTCACCAGAGGACACACACAGGGGAGAAGCCCTATGTCTGCAGGGAG	!C	NA	NA	NA	NA	NA	NA
Z029	TGTGGGCGGGGCTTTAGAGATAAGTCAAACGTCCTCAGTCACCAGAGGACACACACAGGGGAGAAGCCCTATGTCTGCAGGGAG	!D	NA	NA	NA	NA	NA	NA
Z030	TGTGGGCGGGGCTTTCGCAATAAGTCACACCTCCTCAGACACCAGAGTACACACACAGGGGAGAAGCCCTACGTCTGCAGGGAG	!E	NA	NA	NA	NA	NA	NA
Z031	TGTGGGCGGGGCTTTAGCTGGCAGTCAGTCCTCCTCAGACACCAGAGGACACACACAGGGTAGAAGCCCTATGTCTGCAGGGAG	!F	NA	NA	NA	NA	NA	NA
Z032	TGCGGGCGGGGCTTTAGCTGGCAGTCAGTCCTCCTCACTCACCAGAGGACACACACAGGGGAGAAGCCCTATGTCTGCAGGGAG	!G	NA	NA	NA	NA	NA	NA
Z033	TGTGGGCGGGGCTTTAGCCGGCAGTCAGTCCTCCATACTCACCAGAGGAGACACACAGGGGAGAAGCCCTATGTCTGCAGGGAG	!I	NA	NA	NA	NA	NA	NA
Z034	TGTGGGCGGGGCTTTAGCTGGCAGTCAGTCCTCCTCAGTCACCAGAGGACACACACAGCGGAGAAGCCCTATGTCTGCAGGGAG	!J	NA	NA	NA	NA	NA	NA
Z035	TGTGGGCGGGGCTTTAGCGATAGGTCAAGCCTCTGCTATCACCTGAGGACACACACAGGGGAGAAGCCCTACGTCTGCAGGGAG	!K	NA	NA	NA	NA	NA	NA
Z036	TGTGGGCGGGGCTTTAGCTGGAAGTCACACCTCCTCATTCACCAGAGGAGACACACAGGGGAGAAGCCCTATGTCTGCAGGGAG	!L	NA	NA	NA	NA	NA	NA
Z037	TGTGGGCGGGGCTTTAGCTGGCAGTCAGTCCTCCTCACTCACCAGAGGACACACACAGGGGAGAAGCCTTATGTCTGCAGGGAG	!M	NA	NA	NA	NA	NA	NA
Z038	TGTGGGCGGGGCTTTAGCTGGAAGTCACACCTCCTCATTCACCAGAGGATACACATAGGGGAGAAGCCCTATGTCTGCAGGGAG	!N	NA	NA	NA	NA	NA	NA
