Z001	TGTGGACAAGGTTTCAGTGTTAAATCAGATGTTATTACACACCAAAGGACACATACAGGGGAGAAGCTCTACGTCTGCAGGGAG
Z002	TGTGGGCGGGGCTTTAGCTGGAAGTCACACCTCCTCATTCACCAGAGGATACACACAGGGGAGAAGCCCTATGTCTGCAGGGAG
Z003	TGTGGGCGGGGCTTTAGCTGGCAGTCAGTCCTCCTCACTCACCAGAGGACACACACAGGGGAGAAGCCCTATGTCTGCAGGGAG
Z004	TGTGGGCGGGGCTTTAGCCGGCAGTCAGTCCTCCTCACTCACCAGAGGAGACACACAGGGGAGAAGCCCTATGTCTGCAGGGAG
Z005	TGTGGGCGGGGCTTTAGCTGGCAGTCAGTCCTCCTCAGTCACCAGAGGACACACACAGGGGAGAAGCCCTATGTCTGCAGGGAG
Z006	TGTGGGCGGGGCTTTAGCAATAAGTCACACCTCCTCAGACACCAGAGGACACACACAGGGGAGAAGCCCTATGTCTGCAGGGAG
Z007	TGTGGGCGGGGCTTTCGCGATAAGTCACACCTCCTCAGACACCAGAGGACACACACAGGGGAGAAGCCCTATGTCTGCAGGGAG
Z008	TGTGGGCGGGGCTTTAGAGATAAGTCAAACCTCCTCAGTCACCAGAGGACACACACAGGGGAGAAGCCCTATGTCTGCAGGGAG
Z009	TGTGGGCGGGGCTTTCGCAATAAGTCACACCTCCTCAGACACCAGAGGACACACACAGGGGAGAAGCCCTACGTCTGCAGGGAG
Z010	TGTGGGCGGGGCTTTAGCGATAGGTCAAGCCTCTGCTATCACCAGAGGACACACACAGGGGAGAAGCCCTACGTCTGCAGGGAG
Z011	TGTGGGCGGGGCTTTAGAGATAAGTCACACCTCCTCAGTCACCAGAGGACACACACAGGGGAGAAGCCCTATGTCTGCAGGGAG
Z012	TGTGGGCGGGGCTTTAGCTGGCAGTCAGTCCTCCTCAGACACCAGAGGACACACACAGGGGAGAAGCCCTATGTCTGCAGGGAG
Z013	TGTGGGCGGGGCTTTAGAGATAAGTCACACCTCCTCAGACACCAGAGGACACACACAGGGGAGAAGCCCTACGTCTGCAGGGAG
Z014	TGTGGGCGGGGCTTTAGCCGGCAGTCAGTCCTCCTCAGTCACCAGAGGACACACACAGGGGAGAAGCCCTATGTCTGCAGGGAG
Z015	TGTGGGCGGGGCTTTAGAGATAAGTCAAACCTCCTCAGTCACCAGAGGACACACACAGGGGACAAGCCCTATGTCTGCAGGGAG
Z016	TGTGGGCGGGGCTTTAGAGATGAGTCAAACCTCCTCAGTCACCAGAGGACACACACAGGGGAGAAGCCCTATGTCTGCAGGGAG
Z017	TGTGGGCGGGGCTTTCGCAATAAGTCACACCTCCTCAGACACCAGAGGACACACACAGGGGAGAAGCCCTATGTCTGCAGGGAG
Z018	TGTGGGCGGGGCTTTAGCCGGCAGTCAGTCCTCCTCACTCACCAGAGGACACACACAGGGGAGAAGCCCTATGTCTGCAGGGAG
Z019	TGTAGGCGGGGCTTTAGCTGGCAGTCAGTCCTCCTCACTCACCAGAGGACACACACAGGGGAGAAGCCCTATGTCTGCAGGGAG
Z020	TGTGGGCGGGGCTTTCGCGATAAGTCACACCTCCTCAGACACCAGAGGACACACACAGGGGAGAAGCCCTATGTTTGCAGGGAG
Z021	TGTGGGCGGGGCTTTAGCGATAAGTCACACCTCCTCAGACACCAGAGGACACACACAGGGGAGAAGCCCTATGTCTGCAGGGAG
Z022	TGTGGGCGGGGCTTTAGCTGGCAGTCAGTCCTCCTCAGTCACCAGAGGACACACACAGGGAAGAAGCCCTATGTCTGCAGGGAG
Z023	TGTGGGCGGGGCTTTAGCAATAAGTCACACCTCCTCAGACACCAGAGGACACACACAGGGAAGAAGCCCTATGTCTGCAGGGAG
Z024	TGTGGGCGGGGCTTTAGCCGGCAGTCAGTCCTCCTCACTCACCAGAGGAGACACACAGGGGAGAAGCCCTTTGTCTGCAGGGAG
Z025	TGTGGGCGGGGCTTTCTCAATAAGTCACACCTCCTCAGACACCAGAGGACACACACAGGGGAGAAGCCCTACGTCTGCAGGGAG
Z026	TGTGGGCGGGGCTTTAGCAATAAGTCACACCTCCTCAGACACCAGAGGACACACACAGGGGAGAAACCCTATGTCTGCAGGGAG
Z027	TGTGGGCGGGGCTTTAGCCGGCAGTCTGTCCTCCTCACTCACCAGAGGAGACACACAGGGGAGAAGCCCTATGTCTGCAGGGAG
Z028	TGTGGGCGGGGTTTTAGCTGGCAGTCAGTCCTCCTCAGTCACCAGAGGACACACACAGGGGAGAAGCCCTATGTCTGCAGGGAG
Z029	TGTGGGCGGGGCTTTAGAGATAAGTCAAACGTCCTCAGTCACCAGAGGACACACACAGGGGAGAAGCCCTATGTCTGCAGGGAG
Z030	TGTGGGCGGGGCTTTCGCAATAAGTCACACCTCCTCAGACACCAGAGTACACACACAGGGGAGAAGCCCTACGTCTGCAGGGAG
Z031	TGTGGGCGGGGCTTTAGCTGGCAGTCAGTCCTCCTCAGACACCAGAGGACACACACAGGGTAGAAGCCCTATGTCTGCAGGGAG
Z032	TGCGGGCGGGGCTTTAGCTGGCAGTCAGTCCTCCTCACTCACCAGAGGACACACACAGGGGAGAAGCCCTATGTCTGCAGGGAG
Z033	TGTGGGCGGGGCTTTAGCCGGCAGTCAGTCCTCCATACTCACCAGAGGAGACACACAGGGGAGAAGCCCTATGTCTGCAGGGAG
Z034	TGTGGGCGGGGCTTTAGCTGGCAGTCAGTCCTCCTCAGTCACCAGAGGACACACACAGCGGAGAAGCCCTATGTCTGCAGGGAG
Z035	TGTGGGCGGGGCTTTAGCGATAGGTCAAGCCTCTGCTATCACCTGAGGACACACACAGGGGAGAAGCCCTACGTCTGCAGGGAG
Z036	TGTGGGCGGGGCTTTAGCTGGAAGTCACACCTCCTCATTCACCAGAGGAGACACACAGGGGAGAAGCCCTATGTCTGCAGGGAG
Z037	TGTGGGCGGGGCTTTAGCTGGCAGTCAGTCCTCCTCACTCACCAGAGGACACACACAGGGGAGAAGCCTTATGTCTGCAGGGAG
Z038	TGTGGGCGGGGCTTTAGCTGGAAGTCACACCTCCTCATTCACCAGAGGATACACATAGGGGAGAAGCCCTATGTCTGCAGGGAG
Z039	TGTGGGCGGGGCTTTAGCTGGAAGTCACACCTCCTCATTCACCAGAGGATACGCACAGGGGAGAAGCCCTATGTCTGCAGGGAG
Z040	TGTGGGCGGGGCTTTAGCCGGCAGTCAGTCCTCCTCACTCACCAGAGGGGACACACAGGGGAGAAGCCCTATGTCTGCAGGGAG
Z041	TGTGGGCGGGGCTTTAGCAATAAGTCACACCTCCTCAGACACCAGAGGACACATACAGGGGAGAAGCCCTATGTCTGCAGGGAG
Z042	TGTGGGCGGGGCTTTAGCTGGCAGTCAGTCCCCCTCACTCACCAGAGGACACACACAGGGGAGAAGCCCTATGTCTGCAGGGAG
Z043	TGTGGGCGGGGCTTTAGAGATAAGTCACCCCTCCTCAGTCACCAGAGGACACACACAGGGGAGAAGCCCTATGTCTGCAGGGAG
Z044	TGTGGGCGGGGCTTTCGCAAAAAGTCACACCTCCTCAGACACCAGAGGACACACACAGGGGAGAAGCCCTACGTCTGCAGGGAG
Z045	TGTGGGCGGGGCTTTAGCGATCAGTCAGTCCTCCTCACTCACCAGAGGACACACACAGGGGAGAAGCCCTATGTCTGCAGGGAG
Z046	TGTGGGCGGGGCTTTAGCAATCAGTCAGTCCTCCTCACTCACCAGAGGACACACACAGGGGAGAAGCCCTATGTCTGCAGGGAG
Z047	TGTGGGCGGGGCTTTAGAGATCAGTCACACCTCCTCAGTCACCAGAGGACACACACAGGGGAGAAGCCCTATGTCTGCAGGGAG
Z048	TGTGGGCGGGGCTTTAGCAATAAGTCACTCCTCCTCAGACACCAGAGGACACACACAGGGGAGAAGCCCTATGTCTGCAGGGAG
Z049	TGTGGGCGGGGCTTTAGCGGGCAGTCAGTCCTCCTCACTCACCAGAGGACACACACAGGGGAGAAGCCCTATGTCTGCAGGGAG
Z050	TGTGGGCGGGGCTTTAGAGATAAGTCAACCCTCCTCAGTCACCAGAGGACACACACAGGGGAGAAGCCCTATGTCTGCAGGGAG
Z051	TGTGGGCGGGGCTTTAGCTGGAAGTCACACCTCCTCATGGACCAGAGGATACACACAGGGGAGAAGCCCTATGTCTGCAGGGAG
Z052	TGTGGGCGGGGCTTTAGCAATAAGTCACACCTCCTCACACACCAGAGGACACACACAGGGGAGAAGCCCTATGTCTGCAGGGAG
Z053	TGTGGGCGGGGCTTTAGCCGGCAGTCAGTCCTCCTCACTCACCAAAGGAGACACACAGGGGAGAAGCCCTATGTCTGCAGGGAG
Z054	TGTGGGCGGTGCTTTAGCTGGCAGTCAGTCCTCCTCACTCACCAGAGGACACACACAGGGGAGAAGCCCTATGTCTGCAGGGAG
z001	TGTGGGCGGGGCTTTCGCGATAAGTCACACCTCCTCAGACACCAGAGGACACACACAGGGGAGAAGCCCTACGTCTGCAGGGAG
z002	TGTGGGCGGGGCTTTAGCTGGCAGTCAGTCCTCCTCACTCACCAGAGGAGACACACAGGGGAGAAGCCCTATGTCTGCAGGGAG
z003	TGTGGGCGGGGCTTTAGCTGGAAGTCACACCTCCTCATTCACCAGAGGACACACACAGGGGAGAAGCCCTATGTCTGCAGGGAG
z004	TGTGGGCGGGGCTTTAGCAATAAGTCACACCTCCTCAGACACCAGAGGACACACACAGGGGAGAAGCCCTACGTCTGCAGGGAG
z005	TGTGGGCGGGGCTTTAGCCGGCAGTCAGTCCTCCTCATTCACCAGAGGATACACACAGGGGAGAAGCCCTATGTCTGCAGGGAG
z006	TGTGGGCGGGGCTTTAGCTGGCAGTCAGTCCTCCTCAGTCACCAGAGGAGACACACAGGGGAGAAGCCCTATGTCTGCAGGGAG
z007	TGTGGGCGGGGCTTTAGAGATAAGTCACACCTCCTCAGACACCAGAGGACACACACAGGGGAGAAGCCCTATGTCTGCAGGGAG
z008	TGTGGGCGGGGCTTTAGCAATAAGTCACACCTCCTCAGTCACCAGAGGACACACACAGGGGAGAAGCCCTATGTCTGCAGGGAG
z009	TGTGGGCGGGGCTTTAGCTGGCAGTCAGTCCTCCTCATTCACCAGAGGATACACACAGGGGAGAAGCCCTATGTCTGCAGGGAG
z010	TGTGGGCGGGGCTTTAGCCGGCAGTCAGTCCTCCTCACTCACCAGAGGATACACACAGGGGAGAAGCCCTATGTCTGCAGGGAG
z011	TGTGGGCGGGGCTTTAGAGATAAGTCAAACCTCCTCAGACACCAGAGGACACACACAGGGGAGAAGCCCTATGTCTGCAGGGAG
z012	TGTGGGCGGGGCTTTAGCTGGCAGTCAGTCCTCCTCACTCACCAGAGGATACACACAGGGGAGAAGCCCTATGTCTGCAGGGAG
z013	TGTGGGCGGGGCTTTAGCAATAAGTCACACCTCCTCAGACACCAGAGGACACACACAGGGGAGAAGCCCTATGTTTGCAGGGAG
z014	TGTGGGCGGGGCTTTAGCCGGCAGTCAGTCCTCCTCAGTCACCAGAGGATACACACAGGGGAGAAGCCCTATGTCTGCAGGGAG
z015	TGTGGGCGGGGCTTTAGAGATAAGTCAAACCTCCTCAGACACCAGAGGACACACACAGGGGAGAAGCCCTATGTTTGCAGGGAG
z016	TGTGGGCGGGGCTTTAGCTGGCAGTCAGTCCTCCTCACTCACCAGAGGACACACACAGGGGAGAAGCCCTACGTCTGCAGGGAG
z017	TGTGGGCGGGGCTTTAGAGATAAGTCAAACCTCCTCAGTCACCAGAGGACACACACAGGGGAGAAGCCCTACGTCTGCAGGGAG
z018	TGTGGGCGGGGCTTTAGCTGGCAGTCAGTCCTCCTCAGACACCAGAGGACACACACAGGGGAGAAGCCCTACGTCTGCAGGGAG
z019	TGTGGGCGGGGCTTTCGCGATAAGTCACACCTCCTCAGTCACCAGAGGACACACACAGGGGAGAAGCCCTATGTCTGCAGGGAG
z020	TGTGGGCGGGGCTTTAGCTGGCAGTCAGTCCTCCTCAGTCACCAGAGGATACACACAGGGGAGAAGCCCTATGTCTGCAGGGAG
z021	TGTGGGCGGGGCTTTAGCTGGAAGTCACACCTCCTCACTCACCAGAGGACACACACAGGGGAGAAGCCCTATGTCTGCAGGGAG
z022	TGTGGGCGGGGCTTTCGCAATAAGTCACACCTCCTCAGTCACCAGAGGACACACACAGGGGAGAAGCCCTATGTCTGCAGGGAG
z023	TGTGGGCGGGGCTTTAGCGATAGGTCACACCTCCTCAGTCACCAGAGGACACACACAGGGGAGAAGCCCTATGTCTGCAGGGAG
z024	TGTGGGCGGGGCTTTAGCGATAGGTCAAGCCTCTGCTATCACCAGAGGACACACACAGGGGAGAAGCCCTATGTCTGCAGGGAG
z025	TGTGGGCGGGGCTTTAGAGATAAGTCAAACCTCCTCAGTCACCAGAGGAGACACACAGGGGAGAAGCCCTATGTCTGCAGGGAG
z026	TGTGGGCGGGGCTTTCGCGATAAGTCACACCTCCTCATTCACCAGAGGATACACACAGGGGAGAAGCCCTATGTCTGCAGGGAG
z027	TGTGGACAAGGTTTCAGTGTTAAATCAGATGTTATTACACACCAAAGGACACATACAGGGGAGAAGCCCTATGTCTGCAGGGAG
z028	TGTGGGCGGGGCTTTAGAGATAAGTCAAACCTCCTCACTCACCAGAGGACACACACAGGGGAGAAGCCCTATGTCTGCAGGGAG
z029	TGTGGGCGGGGCTTTAGCCGGCAGTCAGTCCTCCTCACTCACCAGAGGAGACATACAGGGGAGAAGCCCTATGTCTGCAGGGAG
z030	TGTGGGCGGGGCTTTAGAGATAAGTCACACCTCCTCACTCACCAGAGGACACACACAGGGGAGAAGCCCTATGTCTGCAGGGAG
z031	TGTGGGCGGGGCTTTAGCAATAAGTCACACCTCCTCATTCACCAGAGGACACACACAGGGGAGAAGCCCTATGTCTGCAGGGAG
z032	TGTGGGCGGGGCTTTAGCTGGCAGTCAGTCCTCCTCACTCACCAGAGGACACACACAGGGGACAAGCCCTATGTCTGCAGGGAG
z033	TGTGGGCGGGGCTTTAGAGATAAGTCACACCTCCTCAGTCACCAGAGGACACACACAGGGGACAAGCCCTATGTCTGCAGGGAG
z034	TGTGGGCGGGGCTTTAGAGATAGGTCAAGCCTCTGCTATCACCAGAGGACACACACAGGGGAGAAGCCCTACGTCTGCAGGGAG
z035	TGTGGGCGGGGCTTTAGCGATAGGTCAAGCCTCTGCTATCACCAGAGGACACACACAGGGGACAAGCCCTATGTCTGCAGGGAG
z036	TGTGGGCGGGGCTTTAGCAATAAGTCACACCTCCTCAGACACCAGAGGACACACACAGGGGACAAGCCCTATGTCTGCAGGGAG
z037	TGTGGGCGGGGCTTTCGCAATAAGTCACACCTCCTCAGACACCAGAGGACACACACAGGGGACAAGCCCTATGTCTGCAGGGAG
z038	TGTGGGCGGGGCTTTAGAGATAAGTCAAACCTCCTCAGACACCAGAGGACACACACAGGGGACAAGCCCTATGTCTGCAGGGAG
z039	TGTGGGCGGGGCTTTAGCTGGCAGTCAGTCCTCCTCAGACACCAGAGGAGACACACAGGGGAGAAGCCCTATGTCTGCAGGGAG
z040	TGTGGGCGGGGCTTTCGCAATAAGTCACACCTCCTCAGTCACCAGAGGACACACACAGGGGACAAGCCCTATGTCTGCAGGGAG
z041	TGTGGGCGGGGCTTTAGCCGGCAGTCAGTCCTCCTCAGACACCAGAGGACACACACAGGGGAGAAGCCCTATGTCTGCAGGGAG
z042	TGTGGGCGGGGCTTTAGAGATAGGTCAAGCCTCTGCTATCACCAGAGGACACACACAGGGGAGAAGCCCTATGTCTGCAGGGAG
z043	TGTGGGCGGGGCTTTCGCAATAAGTCACACCTCCTCAGACACCAGAGGATACACACAGGGGAGAAGCCCTATGTCTGCAGGGAG
z044	TGTGGGCGGGGCTTTAGCTGGCAGTCACACCTCCTCACTCACCAGAGGACACACACAGGGGAGAAGCCCTATGTCTGCAGGGAG
z045	TGTGGGCGGGGCTTTAGCTGGCAGTCAGTCCTCCTCATTCACCAGAGGACACACACAGGGGAGAAGCCCTATGTCTGCAGGGAG
