ZN001	TGTGGACAAGGTTTCAGTGTTAAATCAGATGTTATTACACACCAAAGGACACATACAGGGGAGAAGCTCTACGTCTGCAGGGAG
ZN002	TGTGGGCGGGGCTTTAGCTGGAAGTCACACCTCCTCATTCACCAGAGGATACACACAGGGGAGAAGCCCTATGTCTGCAGGGAG
ZN003	TGTGGGCGGGGCTTTAGCTGGCAGTCAGTCCTCCTCACTCACCAGAGGACACACACAGGGGAGAAGCCCTATGTCTGCAGGGAG
ZN004	TGTGGGCGGGGCTTTAGCCGGCAGTCAGTCCTCCTCACTCACCAGAGGAGACACACAGGGGAGAAGCCCTATGTCTGCAGGGAG
ZN005	TGTGGGCGGGGCTTTAGCTGGCAGTCAGTCCTCCTCAGTCACCAGAGGACACACACAGGGGAGAAGCCCTATGTCTGCAGGGAG
ZN006	TGTGGGCGGGGCTTTAGCAATAAGTCACACCTCCTCAGACACCAGAGGACACACACAGGGGAGAAGCCCTATGTCTGCAGGGAG
ZN007	TGTGGGCGGGGCTTTCGCGATAAGTCACACCTCCTCAGACACCAGAGGACACACACAGGGGAGAAGCCCTATGTCTGCAGGGAG
ZN008	TGTGGGCGGGGCTTTAGAGATAAGTCAAACCTCCTCAGTCACCAGAGGACACACACAGGGGAGAAGCCCTATGTCTGCAGGGAG
ZN009	TGTGGGCGGGGCTTTCGCAATAAGTCACACCTCCTCAGACACCAGAGGACACACACAGGGGAGAAGCCCTACGTCTGCAGGGAG
ZN010	TGTGGGCGGGGCTTTAGCGATAGGTCAAGCCTCTGCTATCACCAGAGGACACACACAGGGGAGAAGCCCTACGTCTGCAGGGAG
ZN011	TGTGGGCGGGGCTTTAGAGATAAGTCACACCTCCTCAGTCACCAGAGGACACACACAGGGGAGAAGCCCTATGTCTGCAGGGAG
ZN012	TGTGGGCGGGGCTTTAGCTGGCAGTCAGTCCTCCTCAGACACCAGAGGACACACACAGGGGAGAAGCCCTATGTCTGCAGGGAG
ZN013	TGTGGGCGGGGCTTTAGAGATAAGTCACACCTCCTCAGACACCAGAGGACACACACAGGGGAGAAGCCCTACGTCTGCAGGGAG
ZN014	TGTGGGCGGGGCTTTAGCCGGCAGTCAGTCCTCCTCAGTCACCAGAGGACACACACAGGGGAGAAGCCCTATGTCTGCAGGGAG
ZN015	TGTGGGCGGGGCTTTAGAGATAAGTCAAACCTCCTCAGTCACCAGAGGACACACACAGGGGACAAGCCCTATGTCTGCAGGGAG
ZN016	TGTGGGCGGGGCTTTAGAGATGAGTCAAACCTCCTCAGTCACCAGAGGACACACACAGGGGAGAAGCCCTATGTCTGCAGGGAG
ZN017	TGTGGGCGGGGCTTTCGCAATAAGTCACACCTCCTCAGACACCAGAGGACACACACAGGGGAGAAGCCCTATGTCTGCAGGGAG
ZN018	TGTGGGCGGGGCTTTAGCCGGCAGTCAGTCCTCCTCACTCACCAGAGGACACACACAGGGGAGAAGCCCTATGTCTGCAGGGAG
ZN019	TGTAGGCGGGGCTTTAGCTGGCAGTCAGTCCTCCTCACTCACCAGAGGACACACACAGGGGAGAAGCCCTATGTCTGCAGGGAG
ZN020	TGTGGGCGGGGCTTTCGCGATAAGTCACACCTCCTCAGACACCAGAGGACACACACAGGGGAGAAGCCCTATGTTTGCAGGGAG
ZN021	TGTGGGCGGGGCTTTAGCGATAAGTCACACCTCCTCAGACACCAGAGGACACACACAGGGGAGAAGCCCTATGTCTGCAGGGAG
ZN022	TGTGGGCGGGGCTTTAGCTGGCAGTCAGTCCTCCTCAGTCACCAGAGGACACACACAGGGAAGAAGCCCTATGTCTGCAGGGAG
ZN023	TGTGGGCGGGGCTTTAGCAATAAGTCACACCTCCTCAGACACCAGAGGACACACACAGGGAAGAAGCCCTATGTCTGCAGGGAG
ZN024	TGTGGGCGGGGCTTTAGCCGGCAGTCAGTCCTCCTCACTCACCAGAGGAGACACACAGGGGAGAAGCCCTTTGTCTGCAGGGAG
ZN025	TGTGGGCGGGGCTTTCTCAATAAGTCACACCTCCTCAGACACCAGAGGACACACACAGGGGAGAAGCCCTACGTCTGCAGGGAG
ZN026	TGTGGGCGGGGCTTTAGCAATAAGTCACACCTCCTCAGACACCAGAGGACACACACAGGGGAGAAACCCTATGTCTGCAGGGAG
ZN027	TGTGGGCGGGGCTTTAGCCGGCAGTCTGTCCTCCTCACTCACCAGAGGAGACACACAGGGGAGAAGCCCTATGTCTGCAGGGAG
ZN028	TGTGGGCGGGGTTTTAGCTGGCAGTCAGTCCTCCTCAGTCACCAGAGGACACACACAGGGGAGAAGCCCTATGTCTGCAGGGAG
ZN029	TGTGGGCGGGGCTTTAGAGATAAGTCAAACGTCCTCAGTCACCAGAGGACACACACAGGGGAGAAGCCCTATGTCTGCAGGGAG
ZN030	TGTGGGCGGGGCTTTCGCAATAAGTCACACCTCCTCAGACACCAGAGTACACACACAGGGGAGAAGCCCTACGTCTGCAGGGAG
ZN031	TGTGGGCGGGGCTTTAGCTGGCAGTCAGTCCTCCTCAGACACCAGAGGACACACACAGGGTAGAAGCCCTATGTCTGCAGGGAG
ZN032	TGCGGGCGGGGCTTTAGCTGGCAGTCAGTCCTCCTCACTCACCAGAGGACACACACAGGGGAGAAGCCCTATGTCTGCAGGGAG
ZN033	TGTGGGCGGGGCTTTAGCCGGCAGTCAGTCCTCCATACTCACCAGAGGAGACACACAGGGGAGAAGCCCTATGTCTGCAGGGAG
ZN034	TGTGGGCGGGGCTTTAGCTGGCAGTCAGTCCTCCTCAGTCACCAGAGGACACACACAGCGGAGAAGCCCTATGTCTGCAGGGAG
ZN035	TGTGGGCGGGGCTTTAGCGATAGGTCAAGCCTCTGCTATCACCTGAGGACACACACAGGGGAGAAGCCCTACGTCTGCAGGGAG
ZN036	TGTGGGCGGGGCTTTAGCTGGAAGTCACACCTCCTCATTCACCAGAGGAGACACACAGGGGAGAAGCCCTATGTCTGCAGGGAG
ZN037	TGTGGGCGGGGCTTTAGCTGGCAGTCAGTCCTCCTCACTCACCAGAGGACACACACAGGGGAGAAGCCTTATGTCTGCAGGGAG
ZN038	TGTGGGCGGGGCTTTAGCTGGAAGTCACACCTCCTCATTCACCAGAGGATACACATAGGGGAGAAGCCCTATGTCTGCAGGGAG
