zn001	TGTGGGCGGGGCTTTAGCTGGCAGTCACACCTCCTCACTCACCAGAGGACACACACAGGGGAGAAGCCCTATGTCTGCAGGGAG
zn002	TGTGGGCGGGGCTTTAGCAATAAGTCACACCTCCTCAGACACCAGAGGACACACACAGGGGACAAGCCCTATGTCTGCAGGGAG
zn003	TGTGGGCGGGGCTTTAGAGATAGGTCAAGCCTCTGCTATCACCAGAGGACACACACAGGGGAGAAGCCCTATGTCTGCAGGGAG
zn004	TGTGGGCGGGGCTTTCGCAATAAGTCACACCTCCTCAGACACCAGAGGACACACACAGGGGACAAGCCCTATGTCTGCAGGGAG
zn005	TGTGGGCGGGGCTTTCGCAATAAGTCACACCTCCTCAGACACCAGAGGATACACACAGGGGAGAAGCCCTATGTCTGCAGGGAG
zn006	TGTGGGCGGGGCTTTAGCCGGCAGTCAGTCCTCCTCAGACACCAGAGGACACACACAGGGGAGAAGCCCTATGTCTGCAGGGAG
zn007	TGTGGGCGGGGCTTTCGCAATAAGTCACACCTCCTCAGTCACCAGAGGACACACACAGGGGACAAGCCCTATGTCTGCAGGGAG
zn008	TGTGGGCGGGGCTTTAGCTGGCAGTCAGTCCTCCTCATTCACCAGAGGACACACACAGGGGAGAAGCCCTATGTCTGCAGGGAG
zn009	TGTGGGCGGGGCTTTAGCTGGCAGTCAGTCCTCCTCAGACACCAGAGGAGACACACAGGGGAGAAGCCCTATGTCTGCAGGGAG
zn010	TGTGGGCGGGGCTTTAGAGATAAGTCAAACCTCCTCAGACACCAGAGGACACACACAGGGGACAAGCCCTATGTCTGCAGGGAG
zn011	TGTGGACAAGGTTTCAGTGTTAAATCAGATGTTATTACACACCAAAGGACACATACAGGGGAGAAGCCCTATGTCTGCAGGGAG
zn012	TGTGGGCGGGGCTTTAGAGATAAGTCAAACCTCCTCACTCACCAGAGGACACACACAGGGGAGAAGCCCTATGTCTGCAGGGAG
zn013	TGTGGGCGGGGCTTTAGCCGGCAGTCAGTCCTCCTCACTCACCAGAGGAGACATACAGGGGAGAAGCCCTATGTCTGCAGGGAG
zn014	TGTGGGCGGGGCTTTAGAGATAAGTCACACCTCCTCACTCACCAGAGGACACACACAGGGGAGAAGCCCTATGTCTGCAGGGAG
zn015	TGTGGGCGGGGCTTTAGCAATAAGTCACACCTCCTCATTCACCAGAGGACACACACAGGGGAGAAGCCCTATGTCTGCAGGGAG
zn016	TGTGGGCGGGGCTTTAGCTGGCAGTCAGTCCTCCTCACTCACCAGAGGACACACACAGGGGACAAGCCCTATGTCTGCAGGGAG
zn017	TGTGGGCGGGGCTTTAGAGATAAGTCACACCTCCTCAGTCACCAGAGGACACACACAGGGGACAAGCCCTATGTCTGCAGGGAG
zn018	TGTGGGCGGGGCTTTAGAGATAGGTCAAGCCTCTGCTATCACCAGAGGACACACACAGGGGAGAAGCCCTACGTCTGCAGGGAG
zn019	TGTGGGCGGGGCTTTAGCGATAGGTCAAGCCTCTGCTATCACCAGAGGACACACACAGGGGACAAGCCCTATGTCTGCAGGGAG
zn020	TGTGGGCGGGGCTTTCGCGATAAGTCACACCTCCTCAGACACCAGAGGACACACACAGGGGAGAAGCCCTACGTCTGCAGGGAG
zn021	TGTGGGCGGGGCTTTAGCTGGCAGTCAGTCCTCCTCACTCACCAGAGGAGACACACAGGGGAGAAGCCCTATGTCTGCAGGGAG
zn022	TGTGGGCGGGGCTTTAGCTGGAAGTCACACCTCCTCATTCACCAGAGGACACACACAGGGGAGAAGCCCTATGTCTGCAGGGAG
zn023	TGTGGGCGGGGCTTTAGCAATAAGTCACACCTCCTCAGACACCAGAGGACACACACAGGGGAGAAGCCCTACGTCTGCAGGGAG
zn024	TGTGGGCGGGGCTTTAGCCGGCAGTCAGTCCTCCTCATTCACCAGAGGATACACACAGGGGAGAAGCCCTATGTCTGCAGGGAG
zn025	TGTGGGCGGGGCTTTAGCTGGCAGTCAGTCCTCCTCAGTCACCAGAGGAGACACACAGGGGAGAAGCCCTATGTCTGCAGGGAG
zn026	TGTGGGCGGGGCTTTAGAGATAAGTCACACCTCCTCAGACACCAGAGGACACACACAGGGGAGAAGCCCTATGTCTGCAGGGAG
zn027	TGTGGGCGGGGCTTTAGCAATAAGTCACACCTCCTCAGTCACCAGAGGACACACACAGGGGAGAAGCCCTATGTCTGCAGGGAG
zn028	TGTGGGCGGGGCTTTAGCTGGCAGTCAGTCCTCCTCATTCACCAGAGGATACACACAGGGGAGAAGCCCTATGTCTGCAGGGAG
zn029	TGTGGGCGGGGCTTTAGCCGGCAGTCAGTCCTCCTCACTCACCAGAGGATACACACAGGGGAGAAGCCCTATGTCTGCAGGGAG
zn030	TGTGGGCGGGGCTTTAGAGATAAGTCAAACCTCCTCAGACACCAGAGGACACACACAGGGGAGAAGCCCTATGTCTGCAGGGAG
zn031	TGTGGGCGGGGCTTTAGCTGGCAGTCAGTCCTCCTCACTCACCAGAGGATACACACAGGGGAGAAGCCCTATGTCTGCAGGGAG
zn032	TGTGGGCGGGGCTTTAGCAATAAGTCACACCTCCTCAGACACCAGAGGACACACACAGGGGAGAAGCCCTATGTTTGCAGGGAG
zn033	TGTGGGCGGGGCTTTAGCCGGCAGTCAGTCCTCCTCAGTCACCAGAGGATACACACAGGGGAGAAGCCCTATGTCTGCAGGGAG
zn034	TGTGGGCGGGGCTTTAGAGATAAGTCAAACCTCCTCAGACACCAGAGGACACACACAGGGGAGAAGCCCTATGTTTGCAGGGAG
zn035	TGTGGGCGGGGCTTTAGCTGGCAGTCAGTCCTCCTCACTCACCAGAGGACACACACAGGGGAGAAGCCCTACGTCTGCAGGGAG
zn036	TGTGGGCGGGGCTTTAGAGATAAGTCAAACCTCCTCAGTCACCAGAGGACACACACAGGGGAGAAGCCCTACGTCTGCAGGGAG
zn037	TGTGGGCGGGGCTTTAGCTGGCAGTCAGTCCTCCTCAGACACCAGAGGACACACACAGGGGAGAAGCCCTACGTCTGCAGGGAG
zn038	TGTGGGCGGGGCTTTCGCGATAAGTCACACCTCCTCAGTCACCAGAGGACACACACAGGGGAGAAGCCCTATGTCTGCAGGGAG
zn039	TGTGGGCGGGGCTTTAGCTGGCAGTCAGTCCTCCTCAGTCACCAGAGGATACACACAGGGGAGAAGCCCTATGTCTGCAGGGAG
zn040	TGTGGGCGGGGCTTTAGCTGGAAGTCACACCTCCTCACTCACCAGAGGACACACACAGGGGAGAAGCCCTATGTCTGCAGGGAG
zn041	TGTGGGCGGGGCTTTCGCAATAAGTCACACCTCCTCAGTCACCAGAGGACACACACAGGGGAGAAGCCCTATGTCTGCAGGGAG
zn042	TGTGGGCGGGGCTTTAGCGATAGGTCACACCTCCTCAGTCACCAGAGGACACACACAGGGGAGAAGCCCTATGTCTGCAGGGAG
zn043	TGTGGGCGGGGCTTTAGCGATAGGTCAAGCCTCTGCTATCACCAGAGGACACACACAGGGGAGAAGCCCTATGTCTGCAGGGAG
zn044	TGTGGGCGGGGCTTTAGAGATAAGTCAAACCTCCTCAGTCACCAGAGGAGACACACAGGGGAGAAGCCCTATGTCTGCAGGGAG
zn045	TGTGGGCGGGGCTTTCGCGATAAGTCACACCTCCTCATTCACCAGAGGATACACACAGGGGAGAAGCCCTATGTCTGCAGGGAG
